processed_at,received_at,row,strategy_code,previous_target,target,e_net,f_net,total,bull_baseline,bear_baseline,baseline_initialized,reason
2026-09-23T11:28:37.796482,2026-09-23T11:28:36,1066,CFCTX18m,0,0,2,2,4,5,0,True,多方共識存在，但TOTAL尚未突破08:45前基準
2026-09-23T13:20:38.967389,2026-09-23T13:20:38,1067,CFCTX17m,0,0,0,2,2,6,0,False,共識退出
2026-09-23T19:46:04.044376,2026-09-23T19:46:02,1068,CFCTX22m,0,0,0,3,3,6,0,False,共識退出
2026-09-23T21:33:19.517242,2026-09-23T21:33:18,1069,CFCTX18m,0,0,-1,3,2,6,0,False,共識退出
2026-09-23T21:46:56.882523,2026-09-23T21:46:56,1070,CFCWIN01m,0,0,-1,2,1,6,0,False,共識退出
2026-09-23T22:20:02.884125,2026-09-23T22:20:01,1071,CFCTX18m,0,0,0,2,2,6,0,False,共識退出
2026-09-24T00:50:35.379746,2026-09-24T00:50:34,1072,CFCTX20m,0,0,-1,2,1,6,0,False,共識退出
2026-09-24T01:02:20.164742,2026-09-24T01:02:19,1073,CFCTX22m,0,0,-1,1,0,0,0,False,01:00～08:45只更新E/F，不建立影子部位
2026-09-24T01:02:56.325787,2026-09-24T01:02:54,1074,CFCTX23m,0,0,-1,0,-1,0,0,False,01:00～08:45只更新E/F，不建立影子部位
2026-09-24T09:35:04.591414,2026-09-24T09:35:02,1075,CFCTX23m,0,0,-1,1,0,0,1,False,共識退出
2026-09-24T10:00:02.911600,2026-09-24T10:00:02,1076,CFCTX17m,0,0,0,1,1,0,1,False,共識退出
2026-09-24T10:00:12.972319,2026-09-24T10:00:12,1077,CFC07m,0,0,1,1,2,0,1,False,共識退出
2026-09-24T10:00:23.028059,2026-09-24T10:00:21,1078,CFCTX16m,0,0,1,2,3,0,1,False,共識退出
2026-09-24T12:55:09.389479,2026-09-24T12:55:08,1079,CFCCPm,0,0,1,1,2,0,1,False,共識退出
2026-09-24T13:02:05.396858,2026-09-24T13:02:05,1080,CFCTX17m,0,0,2,1,3,0,1,False,共識退出
2026-09-24T16:27:17.269859,2026-09-24T16:27:15,1081,CFCTX16m,0,0,2,0,2,0,1,False,共識退出
2026-09-24T17:31:17.840183,2026-09-24T17:31:16,1082,CFC07m,0,0,1,0,1,0,1,False,共識退出
2026-09-24T21:34:37.639876,2026-09-24T21:34:35,1083,CFCTX21m,0,0,2,0,2,0,1,False,共識退出
2026-09-24T23:16:08.608215,2026-09-24T23:16:08,1084,CFC07m,0,0,1,0,1,0,1,False,共識退出
2026-09-24T23:16:18.669266,2026-09-24T23:16:17,1085,CFCTX16m,0,0,1,-1,0,0,1,False,共識退出
2026-09-25T00:16:43.954867,2026-09-25T00:16:42,1086,CFCTX16m,0,0,1,0,1,0,1,False,共識退出
2026-09-25T00:16:52.002690,2026-09-25T00:16:51,1087,CFC07m,0,0,2,0,2,0,1,False,共識退出
2026-09-25T00:17:00.055941,2026-09-25T00:16:59,1088,CFCCPm,0,0,2,1,3,0,1,False,共識退出
2026-09-25T03:20:05.363053,2026-09-25T03:20:04,1089,CFCCPm,0,0,2,0,2,0,0,False,01:00～08:45只更新E/F，不建立影子部位
2026-09-29T09:23:31.565711,2026-09-29T09:23:30,1090,CFCTX22m,0,0,2,1,3,2,0,False,共識退出
2026-09-29T09:45:03.562743,2026-09-29T09:45:02,1091,CFCTX16m,0,1,2,2,4,2,0,False,多方TOTAL突破05:00前基準
2026-09-29T09:45:11.615533,2026-09-29T09:45:10,1092,CFC07m,1,1,3,2,5,2,0,False,多單續抱；E/F仍達進場共識
2026-09-29T10:52:00.894142,2026-09-29T10:51:59,1093,CFC07m,1,1,2,2,4,2,0,False,多單續抱；E/F仍達進場共識
2026-09-29T10:52:08.949774,2026-09-29T10:52:08,1094,CFCTX16m,1,1,2,1,3,2,0,False,多單續抱：E/F皆至少+1
2026-09-29T11:15:04.842734,2026-09-29T11:15:03,1095,CFCTX22m,1,0,2,0,2,2,0,False,共識退出
2026-09-29T11:15:12.888058,2026-09-29T11:15:11,1096,CFCTX17m,0,0,1,0,1,2,0,False,共識退出
2026-09-29T13:00:28.246720,2026-09-29T13:00:27,1097,CFCTX20m,0,0,0,0,0,2,0,False,共識退出
2026-09-29T13:33:23.630347,2026-09-29T13:33:22,1098,CFCTX23m,0,0,0,-1,-1,2,0,False,共識退出
2026-09-29T15:50:27.157235,2026-09-29T15:50:26,1099,CFCTX23m,0,0,0,0,0,2,0,False,共識退出
2026-09-29T17:00:05.369918,2026-09-29T17:00:05,1100,CFCTX18m,0,0,1,0,1,2,0,False,共識退出
2026-09-29T17:54:08.457612,2026-09-29T17:54:08,1101,CFCCPm,0,0,1,2,3,2,0,False,共識退出
2026-09-29T19:32:28.511652,2026-09-29T19:32:26,1102,CFCTX20m,0,1,2,2,4,2,0,False,多方TOTAL突破05:00前基準
2026-09-29T22:00:04.267585,2026-09-29T22:00:02,1103,CFCTX20m,1,1,3,2,5,2,0,False,多單續抱；E/F仍達進場共識
2026-09-29T22:15:06.520684,2026-09-29T22:15:06,1104,CFCTX16m,1,1,3,3,6,2,0,False,多單續抱；E/F仍達進場共識
2026-09-29T22:15:16.582313,2026-09-29T22:15:15,1105,CFC07m,1,1,4,3,7,2,0,False,多單續抱；E/F仍達進場共識
2026-09-30T00:46:28.530709,2026-09-30T00:46:27,1106,CFCTX23m,1,1,4,2,6,2,0,False,多單續抱；E/F仍達進場共識
2026-09-30T09:06:11.129224,2026-09-30T09:06:09,1107,CFCTX16m,0,0,4,1,5,6,0,False,共識退出
2026-09-30T09:06:19.175421,2026-09-30T09:06:17,1108,CFC07m,0,0,3,1,4,6,0,False,共識退出
2026-09-30T09:06:27.227812,2026-09-30T09:06:26,1109,CFCCPm,0,0,3,0,3,6,0,False,共識退出
2026-09-30T09:06:35.273231,2026-09-30T09:06:34,1110,CFCTX15m,0,0,4,0,4,6,0,False,共識退出
2026-09-30T09:36:00.182513,2026-09-30T09:35:59,1111,CFCTX23m,0,0,4,1,5,6,0,False,共識退出
2026-09-30T11:28:20.547810,2026-09-30T11:28:18,1112,CFCTX22m,0,0,4,2,6,6,0,False,多方共識存在，但TOTAL尚未突破05:00前基準
2026-09-30T12:38:32.867595,2026-09-30T12:38:32,1113,CFCTX17m,0,1,5,2,7,6,0,False,多方TOTAL突破05:00前基準
2026-09-30T13:15:05.233902,2026-09-30T13:15:04,1114,CFCTX18m,1,1,3,2,5,6,0,False,多單續抱；E/F仍達進場共識
2026-09-30T19:30:03.554248,2026-09-30T19:30:02,1115,CFCWIN01m,1,1,3,1,4,6,0,False,多單續抱：E/F皆至少+1
2026-09-30T20:15:13.613351,2026-09-30T20:15:12,1116,CFCTX23m,1,0,3,0,3,6,0,False,共識退出
2026-09-30T20:31:09.938703,2026-09-30T20:31:09,1117,CFCTX23m,0,0,3,1,4,6,0,False,共識退出
2026-09-30T20:31:19.999157,2026-09-30T20:31:18,1118,CFCTX18m,0,0,4,1,5,6,0,False,共識退出
