time,mode,event,details
2026-09-14T21:35:43.757962,live,intent,"{""key"": ""2026-09-12T04:59:00/flat"", ""status"": ""pending"", ""target"": 0, ""contract"": ""TMFR1"", ""at"": ""2026-09-14T21:35:43.736428""}"
2026-09-14T21:35:48.598017,live,confirmed,"{""target"": 0, ""quantity"": 0, ""contract"": ""TMFR1"", ""key"": ""2026-09-12T04:59:00/flat""}"
2026-09-14T21:40:44.608838,live,intent,"{""key"": ""signal/2026-09-14T21:40:44.584386/0"", ""status"": ""pending"", ""target"": 0, ""contract"": ""TMFR1"", ""at"": ""2026-09-14T21:40:44.596979""}"
2026-09-14T21:40:46.259076,live,confirmed,"{""target"": 0, ""quantity"": 0, ""contract"": ""TMFR1"", ""key"": ""signal/2026-09-14T21:40:44.584386/0""}"
2026-09-14T21:45:45.086908,live,intent,"{""key"": ""signal/2026-09-14T21:45:45.046465/0"", ""status"": ""pending"", ""target"": 0, ""contract"": ""TMFR1"", ""at"": ""2026-09-14T21:45:45.066692""}"
2026-09-14T21:45:46.916936,live,confirmed,"{""target"": 0, ""quantity"": 0, ""contract"": ""TMFR1"", ""key"": ""signal/2026-09-14T21:45:45.046465/0""}"
2026-09-14T21:50:45.877237,live,intent,"{""key"": ""signal/2026-09-14T21:50:45.852618/0"", ""status"": ""pending"", ""target"": 0, ""contract"": ""TMFR1"", ""at"": ""2026-09-14T21:50:45.866863""}"
2026-09-14T21:50:47.914802,live,confirmed,"{""target"": 0, ""quantity"": 0, ""contract"": ""TMFR1"", ""key"": ""signal/2026-09-14T21:50:45.852618/0""}"
2026-09-14T21:52:43.796878,live,confirmed,"{""target"": 0, ""quantity"": 0, ""contract"": ""TMFR1"", ""key"": ""signal/2026-09-14T21:52:39.911424/0""}"
2026-09-14T21:57:41.797179,live,confirmed,"{""target"": 0, ""quantity"": 0, ""contract"": ""TMFR1"", ""key"": ""signal/2026-09-14T21:57:40.195398/0""}"
2026-09-14T22:02:41.828444,live,confirmed,"{""target"": 0, ""quantity"": 0, ""contract"": ""TMFR1"", ""key"": ""signal/2026-09-14T22:02:40.203694/0""}"
2026-09-14T22:07:42.865294,live,confirmed,"{""target"": 0, ""quantity"": 0, ""contract"": ""TMFR1"", ""key"": ""signal/2026-09-14T22:07:41.198118/0""}"
2026-09-14T22:12:43.213608,live,confirmed,"{""target"": 0, ""quantity"": 0, ""contract"": ""TMFR1"", ""key"": ""signal/2026-09-14T22:12:41.528036/0""}"
2026-09-14T22:13:12.485392,live,confirmed,"{""target"": 0, ""quantity"": 0, ""contract"": ""TMFR1"", ""key"": ""startup_reconcile/2026-09-14T22:13:09.285616/0""}"
2026-09-14T22:15:05.345547,live,order_failed,"{""key"": ""signal/2026-09-14T22:15:03.270153/1"", ""error_type"": ""BrokerOrderError""}"
2026-09-14T22:15:05.353423,live,alert,"{""message"": ""signal/2026-09-14T22:15:03.270153/1 委託未確認（BrokerOrderError），請查券商庫存與委託""}"
2026-09-14T22:15:06.356651,live,alert,"{""message"": ""仍有未確認委託；請對帳後使用 --retry-failed""}"
2026-09-14T22:33:15.213269,live,order_failed,"{""key"": ""startup_reconcile/2026-09-14T22:33:11.028209/4"", ""error_type"": ""BrokerOrderError""}"
2026-09-14T22:33:15.220364,live,alert,"{""message"": ""目標 4 口委託未確認（BrokerOrderError）；持續監控，10 秒後自動重新對帳並依最新目標補差額""}"
2026-09-14T22:33:27.371295,live,order_failed,"{""key"": ""startup_reconcile/2026-09-14T22:33:25.362139/4"", ""error_type"": ""BrokerOrderError""}"
2026-09-14T22:33:39.108756,live,order_failed,"{""key"": ""startup_reconcile/2026-09-14T22:33:37.543335/4"", ""error_type"": ""BrokerOrderError""}"
2026-09-14T22:33:50.907001,live,order_failed,"{""key"": ""startup_reconcile/2026-09-14T22:33:49.245067/4"", ""error_type"": ""BrokerOrderError""}"
2026-09-14T22:34:02.646842,live,order_failed,"{""key"": ""startup_reconcile/2026-09-14T22:34:01.050770/4"", ""error_type"": ""BrokerOrderError""}"
2026-09-14T22:34:14.582309,live,order_failed,"{""key"": ""startup_reconcile/2026-09-14T22:34:12.781637/4"", ""error_type"": ""BrokerOrderError""}"
2026-09-14T22:34:26.651527,live,order_failed,"{""key"": ""startup_reconcile/2026-09-14T22:34:24.733382/4"", ""error_type"": ""BrokerOrderError""}"
2026-09-14T22:34:38.468656,live,order_failed,"{""key"": ""startup_reconcile/2026-09-14T22:34:36.798567/4"", ""error_type"": ""BrokerOrderError""}"
2026-09-14T22:34:50.136589,live,order_failed,"{""key"": ""startup_reconcile/2026-09-14T22:34:48.617467/4"", ""error_type"": ""BrokerOrderError""}"
2026-09-14T22:35:01.953067,live,order_failed,"{""key"": ""startup_reconcile/2026-09-14T22:35:00.282108/4"", ""error_type"": ""BrokerOrderError""}"
2026-09-14T22:35:13.720071,live,order_failed,"{""key"": ""startup_reconcile/2026-09-14T22:35:12.095193/4"", ""error_type"": ""BrokerOrderError""}"
2026-09-14T22:35:25.629172,live,order_failed,"{""key"": ""startup_reconcile/2026-09-14T22:35:23.867205/4"", ""error_type"": ""BrokerOrderError""}"
2026-09-14T22:35:37.547634,live,order_failed,"{""key"": ""startup_reconcile/2026-09-14T22:35:35.770429/4"", ""error_type"": ""BrokerOrderError""}"
2026-09-14T22:35:49.388305,live,order_failed,"{""key"": ""startup_reconcile/2026-09-14T22:35:47.688707/4"", ""error_type"": ""BrokerOrderError""}"
2026-09-14T22:36:01.264756,live,order_failed,"{""key"": ""startup_reconcile/2026-09-14T22:35:59.518472/4"", ""error_type"": ""BrokerOrderError""}"
2026-09-14T22:36:13.275464,live,order_failed,"{""key"": ""startup_reconcile/2026-09-14T22:36:11.407486/4"", ""error_type"": ""BrokerOrderError""}"
2026-09-14T22:36:25.088728,live,order_failed,"{""key"": ""startup_reconcile/2026-09-14T22:36:23.425065/4"", ""error_type"": ""BrokerOrderError""}"
2026-09-14T22:36:37.011185,live,order_failed,"{""key"": ""startup_reconcile/2026-09-14T22:36:35.246075/4"", ""error_type"": ""BrokerOrderError""}"
2026-09-14T22:36:48.801424,live,order_failed,"{""key"": ""startup_reconcile/2026-09-14T22:36:47.160528/4"", ""error_type"": ""BrokerOrderError""}"
2026-09-14T22:37:00.796543,live,order_failed,"{""key"": ""startup_reconcile/2026-09-14T22:36:58.931989/4"", ""error_type"": ""BrokerOrderError""}"
2026-09-14T22:37:12.672121,live,order_failed,"{""key"": ""startup_reconcile/2026-09-14T22:37:10.942735/4"", ""error_type"": ""BrokerOrderError""}"
2026-09-14T22:37:24.500899,live,order_failed,"{""key"": ""startup_reconcile/2026-09-14T22:37:22.837734/4"", ""error_type"": ""BrokerOrderError""}"
2026-09-14T22:37:36.341574,live,order_failed,"{""key"": ""startup_reconcile/2026-09-14T22:37:34.675557/4"", ""error_type"": ""BrokerOrderError""}"
2026-09-14T22:37:48.095268,live,order_failed,"{""key"": ""startup_reconcile/2026-09-14T22:37:46.491750/4"", ""error_type"": ""BrokerOrderError""}"
2026-09-14T22:37:59.883440,live,order_failed,"{""key"": ""startup_reconcile/2026-09-14T22:37:58.239177/4"", ""error_type"": ""BrokerOrderError""}"
2026-09-14T22:38:11.846205,live,order_failed,"{""key"": ""startup_reconcile/2026-09-14T22:38:10.032417/4"", ""error_type"": ""BrokerOrderError""}"
2026-09-14T22:38:23.617292,live,order_failed,"{""key"": ""startup_reconcile/2026-09-14T22:38:21.989126/4"", ""error_type"": ""BrokerOrderError""}"
2026-09-14T22:38:35.468522,live,order_failed,"{""key"": ""startup_reconcile/2026-09-14T22:38:33.800197/3"", ""error_type"": ""BrokerOrderError""}"
2026-09-14T22:38:35.475289,live,alert,"{""message"": ""目標 3 口委託未確認（BrokerOrderError）；持續監控，10 秒後自動重新對帳並依最新目標補差額""}"
2026-09-14T22:38:47.372019,live,order_failed,"{""key"": ""startup_reconcile/2026-09-14T22:38:45.605324/3"", ""error_type"": ""BrokerOrderError""}"
2026-09-14T22:39:13.693205,live,order_failed,"{""key"": ""signal/2026-09-14T22:15:03/949/1"", ""error_type"": ""BrokerOrderError""}"
2026-09-14T22:39:13.700605,live,alert,"{""message"": ""目標 1 口委託未確認（BrokerOrderError）；持續監控，10 秒後自動重新對帳並繼續逐筆處理訊號""}"
2026-09-14T22:39:25.568336,live,order_failed,"{""key"": ""signal/2026-09-14T22:15:03/949/1"", ""error_type"": ""BrokerOrderError""}"
2026-09-14T22:39:37.360660,live,order_failed,"{""key"": ""signal/2026-09-14T22:15:03/949/1"", ""error_type"": ""BrokerOrderError""}"
2026-09-14T22:39:49.172311,live,order_failed,"{""key"": ""signal/2026-09-14T22:15:03/949/1"", ""error_type"": ""BrokerOrderError""}"
2026-09-14T22:40:01.290139,live,order_failed,"{""key"": ""signal/2026-09-14T22:15:03/949/1"", ""error_type"": ""BrokerOrderError""}"
2026-09-14T22:40:13.133544,live,order_failed,"{""key"": ""signal/2026-09-14T22:15:03/949/1"", ""error_type"": ""BrokerOrderError""}"
2026-09-14T22:40:24.925625,live,order_failed,"{""key"": ""signal/2026-09-14T22:15:03/949/1"", ""error_type"": ""BrokerOrderError""}"
2026-09-14T22:40:36.837018,live,order_failed,"{""key"": ""signal/2026-09-14T22:15:03/949/1"", ""error_type"": ""BrokerOrderError""}"
2026-09-14T22:40:48.619834,live,order_failed,"{""key"": ""signal/2026-09-14T22:15:03/949/1"", ""error_type"": ""BrokerOrderError""}"
2026-09-14T22:41:00.415247,live,order_failed,"{""key"": ""signal/2026-09-14T22:15:03/949/1"", ""error_type"": ""BrokerOrderError""}"
2026-09-14T22:41:12.337626,live,order_failed,"{""key"": ""signal/2026-09-14T22:15:03/949/1"", ""error_type"": ""BrokerOrderError""}"
2026-09-14T22:41:24.113527,live,order_failed,"{""key"": ""signal/2026-09-14T22:15:03/949/1"", ""error_type"": ""BrokerOrderError""}"
2026-09-14T22:41:36.005420,live,order_failed,"{""key"": ""signal/2026-09-14T22:15:03/949/1"", ""error_type"": ""BrokerOrderError""}"
2026-09-14T22:41:47.802236,live,order_failed,"{""key"": ""signal/2026-09-14T22:15:03/949/1"", ""error_type"": ""BrokerOrderError""}"
2026-09-14T22:41:59.640952,live,order_failed,"{""key"": ""signal/2026-09-14T22:15:03/949/1"", ""error_type"": ""BrokerOrderError""}"
2026-09-14T22:42:11.527807,live,order_failed,"{""key"": ""signal/2026-09-14T22:15:03/949/1"", ""error_type"": ""BrokerOrderError""}"
2026-09-14T22:42:23.641034,live,order_failed,"{""key"": ""signal/2026-09-14T22:15:03/949/1"", ""error_type"": ""BrokerOrderError""}"
2026-09-14T22:42:35.572706,live,order_failed,"{""key"": ""signal/2026-09-14T22:15:03/949/1"", ""error_type"": ""BrokerOrderError""}"
2026-09-14T22:42:47.497242,live,order_failed,"{""key"": ""signal/2026-09-14T22:15:03/949/1"", ""error_type"": ""BrokerOrderError""}"
2026-09-14T22:42:59.438895,live,order_failed,"{""key"": ""signal/2026-09-14T22:15:03/949/1"", ""error_type"": ""BrokerOrderError""}"
2026-09-14T22:43:11.335242,live,order_failed,"{""key"": ""signal/2026-09-14T22:15:03/949/1"", ""error_type"": ""BrokerOrderError""}"
2026-09-14T22:43:23.314289,live,order_failed,"{""key"": ""signal/2026-09-14T22:15:03/949/1"", ""error_type"": ""BrokerOrderError""}"
2026-09-14T22:43:35.453061,live,order_failed,"{""key"": ""signal/2026-09-14T22:15:03/949/1"", ""error_type"": ""BrokerOrderError""}"
2026-09-14T22:43:47.303462,live,order_failed,"{""key"": ""signal/2026-09-14T22:15:03/949/1"", ""error_type"": ""BrokerOrderError""}"
2026-09-14T22:43:59.077604,live,order_failed,"{""key"": ""signal/2026-09-14T22:15:03/949/1"", ""error_type"": ""BrokerOrderError""}"
2026-09-14T22:44:10.972775,live,order_failed,"{""key"": ""signal/2026-09-14T22:15:03/949/1"", ""error_type"": ""BrokerOrderError""}"
2026-09-14T22:44:22.876871,live,order_failed,"{""key"": ""signal/2026-09-14T22:15:03/949/1"", ""error_type"": ""BrokerOrderError""}"
2026-09-14T22:44:34.673640,live,order_failed,"{""key"": ""signal/2026-09-14T22:15:03/949/1"", ""error_type"": ""BrokerOrderError""}"
2026-09-14T22:44:46.563955,live,order_failed,"{""key"": ""signal/2026-09-14T22:15:03/949/1"", ""error_type"": ""BrokerOrderError""}"
2026-09-14T22:44:58.470819,live,order_failed,"{""key"": ""signal/2026-09-14T22:15:03/949/1"", ""error_type"": ""BrokerOrderError""}"
2026-09-14T22:45:32.981146,live,startup_discard_previous_attempt,"{""previous"": {""key"": ""signal/2026-09-14T22:15:03/949/1"", ""id"": ""4c8a52c767a74cb39f2ac2d3e0be17af"", ""status"": ""failed"", ""target"": 1, ""at"": ""2026-09-14T22:44:56.712989"", ""error_type"": ""BrokerOrderError"", ""retry_at"": ""2026-09-14T22:45:08.460346""}}"
2026-09-14T22:55:00.424606,live,order_failed,"{""key"": ""signal/2026-09-14T22:54:55/952"", ""error_type"": ""BrokerOrderError""}"
2026-09-14T22:55:00.431444,live,alert,"{""message"": ""目標 None 口委託未確認（BrokerOrderError）；持續監控，10 秒後自動重新對帳並繼續逐筆處理訊號""}"
2026-09-14T22:55:12.628945,live,order_failed,"{""key"": ""signal/2026-09-14T22:54:55/952"", ""error_type"": ""BrokerOrderError""}"
2026-09-14T22:55:12.636286,live,alert,"{""message"": ""目標 -1 口委託未確認（BrokerOrderError）；持續監控，10 秒後自動重新對帳並繼續逐筆處理訊號""}"
2026-09-14T22:55:24.351143,live,order_failed,"{""key"": ""signal/2026-09-14T22:54:55/952"", ""error_type"": ""BrokerOrderError""}"
2026-09-14T22:55:36.284274,live,order_failed,"{""key"": ""signal/2026-09-14T22:54:55/952"", ""error_type"": ""BrokerOrderError""}"
2026-09-14T22:55:48.153826,live,order_failed,"{""key"": ""signal/2026-09-14T22:54:55/952"", ""error_type"": ""BrokerOrderError""}"
2026-09-14T22:55:59.949181,live,order_failed,"{""key"": ""signal/2026-09-14T22:54:55/952"", ""error_type"": ""BrokerOrderError""}"
2026-09-14T22:56:11.797431,live,order_failed,"{""key"": ""signal/2026-09-14T22:54:55/952"", ""error_type"": ""BrokerOrderError""}"
2026-09-14T22:56:23.613652,live,order_failed,"{""key"": ""signal/2026-09-14T22:54:55/952"", ""error_type"": ""BrokerOrderError""}"
2026-09-14T22:56:35.369409,live,order_failed,"{""key"": ""signal/2026-09-14T22:54:55/952"", ""error_type"": ""BrokerOrderError""}"
2026-09-14T22:56:47.167476,live,order_failed,"{""key"": ""signal/2026-09-14T22:54:55/952"", ""error_type"": ""BrokerOrderError""}"
2026-09-14T22:56:59.046450,live,order_failed,"{""key"": ""signal/2026-09-14T22:54:55/952"", ""error_type"": ""BrokerOrderError""}"
2026-09-14T22:57:10.989733,live,order_failed,"{""key"": ""signal/2026-09-14T22:54:55/952"", ""error_type"": ""BrokerOrderError""}"
2026-09-14T22:57:22.815859,live,order_failed,"{""key"": ""signal/2026-09-14T22:54:55/952"", ""error_type"": ""BrokerOrderError""}"
2026-09-14T22:57:34.630260,live,order_failed,"{""key"": ""signal/2026-09-14T22:54:55/952"", ""error_type"": ""BrokerOrderError""}"
2026-09-14T22:57:46.502191,live,order_failed,"{""key"": ""signal/2026-09-14T22:54:55/952"", ""error_type"": ""BrokerOrderError""}"
2026-09-14T22:57:58.427633,live,order_failed,"{""key"": ""signal/2026-09-14T22:54:55/952"", ""error_type"": ""BrokerOrderError""}"
2026-09-14T22:58:10.199611,live,order_failed,"{""key"": ""signal/2026-09-14T22:54:55/952"", ""error_type"": ""BrokerOrderError""}"
2026-09-14T22:58:22.077374,live,order_failed,"{""key"": ""signal/2026-09-14T22:54:55/952"", ""error_type"": ""BrokerOrderError""}"
2026-09-14T22:58:34.095603,live,order_failed,"{""key"": ""signal/2026-09-14T22:54:55/952"", ""error_type"": ""BrokerOrderError""}"
2026-09-14T22:58:46.195121,live,order_failed,"{""key"": ""signal/2026-09-14T22:54:55/952"", ""error_type"": ""BrokerOrderError""}"
2026-09-14T22:58:58.181541,live,order_failed,"{""key"": ""signal/2026-09-14T22:54:55/952"", ""error_type"": ""BrokerOrderError""}"
2026-09-14T22:59:09.944331,live,order_failed,"{""key"": ""signal/2026-09-14T22:54:55/952"", ""error_type"": ""BrokerOrderError""}"
2026-09-14T22:59:21.864443,live,order_failed,"{""key"": ""signal/2026-09-14T22:54:55/952"", ""error_type"": ""BrokerOrderError""}"
2026-09-14T22:59:33.695296,live,order_failed,"{""key"": ""signal/2026-09-14T22:54:55/952"", ""error_type"": ""BrokerOrderError""}"
2026-09-14T22:59:45.658741,live,order_failed,"{""key"": ""signal/2026-09-14T22:54:55/952"", ""error_type"": ""BrokerOrderError""}"
2026-09-14T22:59:57.420482,live,order_failed,"{""key"": ""signal/2026-09-14T22:54:55/952"", ""error_type"": ""BrokerOrderError""}"
2026-09-14T23:00:09.481259,live,order_failed,"{""key"": ""signal/2026-09-14T22:54:55/952"", ""error_type"": ""BrokerOrderError""}"
2026-09-14T23:00:21.368657,live,order_failed,"{""key"": ""signal/2026-09-14T22:54:55/952"", ""error_type"": ""BrokerOrderError""}"
2026-09-14T23:00:33.127002,live,order_failed,"{""key"": ""signal/2026-09-14T22:54:55/952"", ""error_type"": ""BrokerOrderError""}"
2026-09-14T23:00:44.906143,live,order_failed,"{""key"": ""signal/2026-09-14T22:54:55/952"", ""error_type"": ""BrokerOrderError""}"
2026-09-14T23:00:56.751559,live,order_failed,"{""key"": ""signal/2026-09-14T22:54:55/952"", ""error_type"": ""BrokerOrderError""}"
2026-09-14T23:01:08.787544,live,order_failed,"{""key"": ""signal/2026-09-14T22:54:55/952"", ""error_type"": ""BrokerOrderError""}"
2026-09-14T23:01:20.721961,live,order_failed,"{""key"": ""signal/2026-09-14T22:54:55/952"", ""error_type"": ""BrokerOrderError""}"
2026-09-14T23:01:32.712706,live,order_failed,"{""key"": ""signal/2026-09-14T22:54:55/952"", ""error_type"": ""BrokerOrderError""}"
2026-09-14T23:01:44.504913,live,order_failed,"{""key"": ""signal/2026-09-14T22:54:55/952"", ""error_type"": ""BrokerOrderError""}"
2026-09-14T23:01:56.544576,live,order_failed,"{""key"": ""signal/2026-09-14T22:54:55/952"", ""error_type"": ""BrokerOrderError""}"
2026-09-14T23:02:08.509028,live,order_failed,"{""key"": ""signal/2026-09-14T22:54:55/952"", ""error_type"": ""BrokerOrderError""}"
2026-09-14T23:02:20.494177,live,order_failed,"{""key"": ""signal/2026-09-14T22:54:55/952"", ""error_type"": ""BrokerOrderError""}"
2026-09-14T23:02:32.549020,live,order_failed,"{""key"": ""signal/2026-09-14T22:54:55/952"", ""error_type"": ""BrokerOrderError""}"
2026-09-14T23:02:44.633051,live,order_failed,"{""key"": ""signal/2026-09-14T22:54:55/952"", ""error_type"": ""BrokerOrderError""}"
2026-09-14T23:02:56.613881,live,order_failed,"{""key"": ""signal/2026-09-14T22:54:55/952"", ""error_type"": ""BrokerOrderError""}"
2026-09-14T23:03:08.573695,live,order_failed,"{""key"": ""signal/2026-09-14T22:54:55/952"", ""error_type"": ""BrokerOrderError""}"
2026-09-14T23:03:20.503643,live,order_failed,"{""key"": ""signal/2026-09-14T22:54:55/952"", ""error_type"": ""BrokerOrderError""}"
2026-09-14T23:03:32.544359,live,order_failed,"{""key"": ""signal/2026-09-14T22:54:55/952"", ""error_type"": ""BrokerOrderError""}"
2026-09-14T23:03:44.592274,live,order_failed,"{""key"": ""signal/2026-09-14T22:54:55/952"", ""error_type"": ""BrokerOrderError""}"
2026-09-14T23:03:56.728299,live,order_failed,"{""key"": ""signal/2026-09-14T22:54:55/952"", ""error_type"": ""BrokerOrderError""}"
2026-09-14T23:04:08.709464,live,order_failed,"{""key"": ""signal/2026-09-14T22:54:55/952"", ""error_type"": ""BrokerOrderError""}"
2026-09-14T23:04:20.797710,live,order_failed,"{""key"": ""signal/2026-09-14T22:54:55/952"", ""error_type"": ""BrokerOrderError""}"
2026-09-14T23:04:32.718899,live,order_failed,"{""key"": ""signal/2026-09-14T22:54:55/952"", ""error_type"": ""BrokerOrderError""}"
2026-09-14T23:04:44.557710,live,order_failed,"{""key"": ""signal/2026-09-14T22:54:55/952"", ""error_type"": ""BrokerOrderError""}"
2026-09-14T23:04:56.462799,live,order_failed,"{""key"": ""signal/2026-09-14T22:54:55/952"", ""error_type"": ""BrokerOrderError""}"
2026-09-14T23:05:08.376539,live,order_failed,"{""key"": ""signal/2026-09-14T22:54:55/952"", ""error_type"": ""BrokerOrderError""}"
2026-09-14T23:05:20.720043,live,order_failed,"{""key"": ""signal/2026-09-14T22:54:55/952"", ""error_type"": ""BrokerOrderError""}"
2026-09-14T23:05:32.664972,live,order_failed,"{""key"": ""signal/2026-09-14T22:54:55/952"", ""error_type"": ""BrokerOrderError""}"
2026-09-14T23:05:44.600481,live,order_failed,"{""key"": ""signal/2026-09-14T22:54:55/952"", ""error_type"": ""BrokerOrderError""}"
2026-09-14T23:05:56.395468,live,order_failed,"{""key"": ""signal/2026-09-14T22:54:55/952"", ""error_type"": ""BrokerOrderError""}"
2026-09-14T23:06:08.397586,live,order_failed,"{""key"": ""signal/2026-09-14T22:54:55/952"", ""error_type"": ""BrokerOrderError""}"
2026-09-14T23:06:20.303266,live,order_failed,"{""key"": ""signal/2026-09-14T22:54:55/952"", ""error_type"": ""BrokerOrderError""}"
2026-09-14T23:06:32.111806,live,order_failed,"{""key"": ""signal/2026-09-14T22:54:55/952"", ""error_type"": ""BrokerOrderError""}"
2026-09-14T23:06:43.983522,live,order_failed,"{""key"": ""signal/2026-09-14T22:54:55/952"", ""error_type"": ""BrokerOrderError""}"
2026-09-14T23:06:55.969274,live,order_failed,"{""key"": ""signal/2026-09-14T22:54:55/952"", ""error_type"": ""BrokerOrderError""}"
2026-09-14T23:07:07.964298,live,order_failed,"{""key"": ""signal/2026-09-14T22:54:55/952"", ""error_type"": ""BrokerOrderError""}"
2026-09-14T23:07:19.765192,live,order_failed,"{""key"": ""signal/2026-09-14T22:54:55/952"", ""error_type"": ""BrokerOrderError""}"
2026-09-14T23:07:31.568718,live,order_failed,"{""key"": ""signal/2026-09-14T22:54:55/952"", ""error_type"": ""BrokerOrderError""}"
2026-09-14T23:08:10.913692,live,startup_discard_previous_attempt,"{""previous"": {""key"": ""signal/2026-09-14T22:54:55/952"", ""id"": ""8e8618269a134ff3851d7b291882cf6a"", ""status"": ""pending"", ""target"": -1, ""at"": ""2026-09-14T23:07:41.716300""}}"
2026-09-15T00:45:00.989694,live,submitted,"{""key"": ""signal/2026-09-15T00:44:57/954"", ""detail"": ""已送出買進 TMF 1 口委託""}"
2026-09-15T00:48:40.340754,live,submitted,"{""key"": ""signal/2026-09-15T00:48:37/955"", ""detail"": ""已送出買進 TMF 1 口委託""}"
2026-09-15T02:00:35.464577,live,submitted,"{""key"": ""signal/2026-09-15T02:00:32/956"", ""detail"": ""已送出買進 TMF 1 口委託""}"
2026-09-15T04:59:01.918627,live,no_order_needed,"{""key"": ""2026-09-15T04:59:00/flat"", ""detail"": ""查詢庫存為空手，無需送單""}"
2026-09-15T08:45:08.254666,live,submitted,"{""key"": ""signal/2026-09-15T08:45:02/957"", ""detail"": ""已送出買進 TMF 1 口委託""}"
2026-09-15T09:22:37.861968,live,submitted,"{""key"": ""signal/2026-09-15T09:22:34/958"", ""detail"": ""已送出買進 TMF 1 口委託""}"
2026-09-15T09:23:41.842951,live,submitted,"{""key"": ""signal/2026-09-15T09:23:38/959"", ""detail"": ""已送出買進 TMF 1 口委託""}"
2026-09-15T11:48:34.059073,live,alert,"{""message"": ""上次送單途中中斷，須核對券商委託及JSON部位；暫停新單""}"
2026-09-15T11:49:44.131920,live,alert,"{""message"": ""上次送單途中中斷，須核對券商委託及JSON部位；暫停新單""}"
2026-09-15T15:00:00.116058,live,alert,"{""message"": ""上次送單途中中斷，須核對券商委託及JSON部位；暫停新單""}"
2026-09-15T15:14:03.878591,live,signal_no_change,"{""signal"": ""2026-09-15T15:14:03/963"", ""strategy_code"": ""CFCCPm""}"
2026-09-15T17:52:42.444812,live,submitted,"{""key"": ""signal/2026-09-15T17:52:38/964"", ""detail"": ""已送出賣出 TMF 1 口委託""}"
2026-09-15T22:30:20.257351,live,submitted,"{""key"": ""signal/2026-09-15T22:30:16/965"", ""detail"": ""已送出賣出 TMF 1 口委託"", ""signal"": {""net_position"": -1, ""positions"": {""CFC07m"": -1, ""CFCTX17m"": 0, ""CFCTX18m"": 0, ""CFCTX19m"": 0, ""CFCTX20m"": 0, ""CFCTX21m"": 0, ""CFCWIN01m"": 0, ""CFCPW3m"": 0, ""CFCCPm"": 0, ""CFCTX16m"": 0, ""CFCTX22m"": 0, ""CFCTX23m"": 0}, ""source"": ""pure_ef_new_signals"", ""unit"": 1, ""last_signal"": ""2026-09-15T22:30:16/965"", ""strategy_code"": ""CFC07m"", ""strategy_name"": ""財神列車7號"", ""signal_previous_position"": 0, ""previous_position"": 0, ""new_position"": -1}}"
2026-09-15T22:30:39.374058,live,submitted,"{""key"": ""signal/2026-09-15T22:30:36/966"", ""detail"": ""已送出賣出 TMF 1 口委託"", ""signal"": {""net_position"": -2, ""positions"": {""CFC07m"": -1, ""CFCTX17m"": 0, ""CFCTX18m"": 0, ""CFCTX19m"": 0, ""CFCTX20m"": 0, ""CFCTX21m"": 0, ""CFCWIN01m"": 0, ""CFCPW3m"": 0, ""CFCCPm"": 0, ""CFCTX16m"": -1, ""CFCTX22m"": 0, ""CFCTX23m"": 0}, ""source"": ""pure_ef_new_signals"", ""unit"": 1, ""last_signal"": ""2026-09-15T22:30:36/966"", ""strategy_code"": ""CFCTX16m"", ""strategy_name"": ""財神列車16號"", ""signal_previous_position"": 0, ""previous_position"": 0, ""new_position"": -1}}"
2026-09-15T22:53:27.750773,live,submitted,"{""key"": ""signal/2026-09-15T22:53:25/967"", ""detail"": ""已送出賣出 TMF 1 口委託"", ""signal"": {""net_position"": -2, ""positions"": {""CFC07m"": -1, ""CFCTX17m"": 0, ""CFCTX18m"": 0, ""CFCTX19m"": 0, ""CFCTX20m"": 0, ""CFCTX21m"": 0, ""CFCWIN01m"": 0, ""CFCPW3m"": 0, ""CFCCPm"": 0, ""CFCTX16m"": -1, ""CFCTX22m"": 0, ""CFCTX23m"": 0}, ""source"": ""pure_ef_new_signals"", ""unit"": 1, ""last_signal"": ""2026-09-15T22:53:25/967"", ""strategy_code"": ""CFCTX22m"", ""strategy_name"": ""財神列車22號"", ""signal_previous_position"": 1, ""previous_position"": 1, ""new_position"": 0}}"
2026-09-16T01:00:04.185925,live,no_order_needed,"{""key"": ""2026-09-16T01:00:00/flat"", ""detail"": ""查詢庫存為空手，無需送單"", ""signal"": null}"
2026-09-16T05:05:01.875062,live,daily_reset,"{""previous_positions"": {""CFC07m"": -1, ""CFCTX17m"": 0, ""CFCTX18m"": 0, ""CFCTX19m"": 1, ""CFCTX20m"": 0, ""CFCTX21m"": 1, ""CFCWIN01m"": -1, ""CFCPW3m"": 1, ""CFCCPm"": 0, ""CFCTX16m"": -1, ""CFCTX22m"": 0, ""CFCTX23m"": 1}, ""cycle"": ""2026-09-16T01:00:00"", ""confirmed_flat"": true}"
2026-09-16T08:53:03.122438,live,submitted,"{""key"": ""signal/2026-09-16T08:52:59/969"", ""detail"": ""已送出買進 TMF 1 口委託"", ""signal"": {""net_position"": 1, ""positions"": {""CFC07m"": 0, ""CFCTX17m"": 0, ""CFCTX18m"": 0, ""CFCTX19m"": 0, ""CFCTX20m"": 0, ""CFCTX21m"": 0, ""CFCWIN01m"": 0, ""CFCPW3m"": 0, ""CFCCPm"": 1, ""CFCTX16m"": 0, ""CFCTX22m"": 0, ""CFCTX23m"": 0}, ""source"": ""pure_ef_new_signals"", ""unit"": 1, ""last_signal"": ""2026-09-16T08:52:59/969"", ""strategy_code"": ""CFCCPm"", ""strategy_name"": ""財神列車6號"", ""signal_previous_position"": 0, ""previous_position"": 0, ""new_position"": 1}}"
2026-09-16T08:53:06.333922,live,submitted,"{""key"": ""signal/2026-09-16T08:53:02/970"", ""detail"": ""已送出買進 TMF 1 口委託"", ""signal"": {""net_position"": 2, ""positions"": {""CFC07m"": 0, ""CFCTX17m"": 0, ""CFCTX18m"": 1, ""CFCTX19m"": 0, ""CFCTX20m"": 0, ""CFCTX21m"": 0, ""CFCWIN01m"": 0, ""CFCPW3m"": 0, ""CFCCPm"": 1, ""CFCTX16m"": 0, ""CFCTX22m"": 0, ""CFCTX23m"": 0}, ""source"": ""pure_ef_new_signals"", ""unit"": 1, ""last_signal"": ""2026-09-16T08:53:02/970"", ""strategy_code"": ""CFCTX18m"", ""strategy_name"": ""財神列車18號"", ""signal_previous_position"": 0, ""previous_position"": 0, ""new_position"": 1}}"
2026-09-16T09:05:06.715837,live,signal_no_change,"{""signal"": ""2026-09-16T09:05:06/971"", ""strategy_code"": ""CFC07m""}"
2026-09-16T10:15:04.550702,live,signal_position_limit,"{""signal"": ""2026-09-16T10:15:04/972"", ""strategy_code"": ""CFCWIN01m"", ""delta"": 1, ""projected_position"": 3, ""max_position"": 2}"
2026-09-16T11:02:53.823103,live,signal_position_limit,"{""signal"": ""2026-09-16T11:02:53/973"", ""strategy_code"": ""CFCTX17m"", ""delta"": 1, ""projected_position"": 3, ""max_position"": 2}"
2026-09-16T11:30:03.628585,live,signal_position_limit,"{""signal"": ""2026-09-16T11:30:03/974"", ""strategy_code"": ""CFC07m"", ""delta"": 1, ""projected_position"": 3, ""max_position"": 2}"
2026-09-16T11:36:06.783961,live,signal_position_limit,"{""signal"": ""2026-09-16T11:36:05/975"", ""strategy_code"": ""CFCTX16m"", ""delta"": 1, ""projected_position"": 3, ""max_position"": 2}"
2026-09-16T12:15:07.419072,live,signal_no_change,"{""signal"": ""2026-09-16T12:15:06/976"", ""strategy_code"": ""CFCPW3m""}"
2026-09-16T12:30:25.120865,live,signal_no_change,"{""signal"": ""2026-09-16T12:30:24/977"", ""strategy_code"": ""CFCTX21m""}"
2026-09-16T12:40:26.872191,live,submitted,"{""key"": ""signal/2026-09-16T12:40:24/978"", ""detail"": ""已送出賣出 TMF 1 口委託"", ""signal"": {""net_position"": 5, ""positions"": {""CFC07m"": 1, ""CFCTX17m"": 1, ""CFCTX18m"": 0, ""CFCTX19m"": 0, ""CFCTX20m"": 0, ""CFCTX21m"": 0, ""CFCWIN01m"": 1, ""CFCPW3m"": 0, ""CFCCPm"": 1, ""CFCTX16m"": 1, ""CFCTX22m"": 0, ""CFCTX23m"": 0}, ""source"": ""pure_ef_new_signals"", ""unit"": 1, ""last_signal"": ""2026-09-16T12:40:24/978"", ""strategy_code"": ""CFCTX18m"", ""strategy_name"": ""財神列車18號"", ""signal_previous_position"": 1, ""previous_position"": 1, ""new_position"": 0}}"
2026-09-16T12:45:04.754577,live,signal_no_change,"{""signal"": ""2026-09-16T12:45:04/979"", ""strategy_code"": ""CFCTX19m""}"
2026-09-16T12:55:03.255040,live,signal_no_change,"{""signal"": ""2026-09-16T12:55:03/980"", ""strategy_code"": ""CFCTX23m""}"
2026-09-16T13:00:03.283358,live,signal_no_change,"{""signal"": ""2026-09-16T13:00:02/981"", ""strategy_code"": ""CFCWIN01m""}"
2026-09-16T13:00:06.911934,live,submitted,"{""key"": ""signal/2026-09-16T13:00:05/982"", ""detail"": ""已送出賣出 TMF 1 口委託"", ""signal"": {""net_position"": 3, ""positions"": {""CFC07m"": 1, ""CFCTX17m"": 1, ""CFCTX18m"": 0, ""CFCTX19m"": 0, ""CFCTX20m"": 0, ""CFCTX21m"": 0, ""CFCWIN01m"": 0, ""CFCPW3m"": 0, ""CFCCPm"": 0, ""CFCTX16m"": 1, ""CFCTX22m"": 0, ""CFCTX23m"": 0}, ""source"": ""pure_ef_new_signals"", ""unit"": 1, ""last_signal"": ""2026-09-16T13:00:05/982"", ""strategy_code"": ""CFCCPm"", ""strategy_name"": ""財神列車6號"", ""signal_previous_position"": 1, ""previous_position"": 1, ""new_position"": 0}}"
2026-09-16T13:00:07.937538,live,signal_no_change,"{""signal"": ""2026-09-16T13:00:07/983"", ""strategy_code"": ""CFCTX17m""}"
2026-09-16T13:07:33.686811,live,signal_no_change,"{""signal"": ""2026-09-16T13:07:32/984"", ""strategy_code"": ""CFC07m""}"
2026-09-16T13:07:35.726301,live,signal_no_change,"{""signal"": ""2026-09-16T13:07:35/985"", ""strategy_code"": ""CFCTX16m""}"
2026-09-16T22:07:41.865052,live,submitted,"{""key"": ""signal/2026-09-16T22:07:37/986"", ""detail"": ""已送出買進 TMF 1 口委託"", ""signal"": {""net_position"": 1, ""positions"": {""CFC07m"": 0, ""CFCTX17m"": 0, ""CFCTX18m"": 0, ""CFCTX19m"": 0, ""CFCTX20m"": 0, ""CFCTX21m"": 0, ""CFCWIN01m"": 1, ""CFCPW3m"": 0, ""CFCCPm"": 0, ""CFCTX16m"": 0, ""CFCTX22m"": 0, ""CFCTX23m"": 0, ""CFCTX15m"": 0}, ""source"": ""pure_ef_new_signals"", ""unit"": 1, ""last_signal"": ""2026-09-16T22:07:37/986"", ""strategy_code"": ""CFCWIN01m"", ""strategy_name"": ""智能引擎1號"", ""signal_previous_position"": 0, ""previous_position"": 0, ""new_position"": 1}}"
2026-09-16T22:22:36.373853,live,submitted,"{""key"": ""signal/2026-09-16T22:22:34/987"", ""detail"": ""已送出買進 TMF 1 口委託"", ""signal"": {""net_position"": 2, ""positions"": {""CFC07m"": 1, ""CFCTX17m"": 0, ""CFCTX18m"": 0, ""CFCTX19m"": 0, ""CFCTX20m"": 0, ""CFCTX21m"": 0, ""CFCWIN01m"": 1, ""CFCPW3m"": 0, ""CFCCPm"": 0, ""CFCTX16m"": 0, ""CFCTX22m"": 0, ""CFCTX23m"": 0, ""CFCTX15m"": 0}, ""source"": ""pure_ef_new_signals"", ""unit"": 1, ""last_signal"": ""2026-09-16T22:22:34/987"", ""strategy_code"": ""CFC07m"", ""strategy_name"": ""財神列車7號"", ""signal_previous_position"": 0, ""previous_position"": 0, ""new_position"": 1}}"
2026-09-16T22:22:46.558237,live,signal_position_limit,"{""signal"": ""2026-09-16T22:22:46/988"", ""strategy_code"": ""CFCTX16m"", ""delta"": 1, ""projected_position"": 3, ""max_position"": 2}"
2026-09-17T01:00:01.951550,live,no_order_needed,"{""key"": ""2026-09-17T01:00:00/flat"", ""detail"": ""查詢庫存為空手，無需送單"", ""signal"": null}"
2026-09-17T05:05:03.350118,live,daily_reset,"{""previous_positions"": {""CFC07m"": 1, ""CFCTX17m"": 0, ""CFCTX18m"": 0, ""CFCTX19m"": 0, ""CFCTX20m"": 0, ""CFCTX21m"": 0, ""CFCWIN01m"": 1, ""CFCPW3m"": 0, ""CFCCPm"": 0, ""CFCTX16m"": 0, ""CFCTX22m"": 0, ""CFCTX23m"": 0, ""CFCTX15m"": 0}, ""cycle"": ""2026-09-17T01:00:00"", ""confirmed_flat"": true}"
2026-09-17T09:15:09.472462,live,submitted,"{""key"": ""signal/2026-09-17T09:15:04/993"", ""detail"": ""已送出買進 TMF 1 口委託"", ""signal"": {""net_position"": 1, ""positions"": {""CFC07m"": 0, ""CFCTX17m"": 0, ""CFCTX18m"": 0, ""CFCTX19m"": 0, ""CFCTX20m"": 0, ""CFCTX21m"": 0, ""CFCWIN01m"": 0, ""CFCPW3m"": 1, ""CFCCPm"": 0, ""CFCTX16m"": 0, ""CFCTX22m"": 0, ""CFCTX23m"": 0, ""CFCTX15m"": 0}, ""source"": ""pure_ef_new_signals"", ""unit"": 1, ""last_signal"": ""2026-09-17T09:15:04/993"", ""strategy_code"": ""CFCPW3m"", ""strategy_name"": ""新財神列車3號"", ""signal_previous_position"": 0, ""previous_position"": 0, ""new_position"": 1}}"
2026-09-17T09:22:33.774366,live,submitted,"{""key"": ""signal/2026-09-17T09:22:32/994"", ""detail"": ""已送出買進 TMF 1 口委託"", ""signal"": {""net_position"": 2, ""positions"": {""CFC07m"": 1, ""CFCTX17m"": 0, ""CFCTX18m"": 0, ""CFCTX19m"": 0, ""CFCTX20m"": 0, ""CFCTX21m"": 0, ""CFCWIN01m"": 0, ""CFCPW3m"": 1, ""CFCCPm"": 0, ""CFCTX16m"": 0, ""CFCTX22m"": 0, ""CFCTX23m"": 0, ""CFCTX15m"": 0}, ""source"": ""pure_ef_new_signals"", ""unit"": 1, ""last_signal"": ""2026-09-17T09:22:32/994"", ""strategy_code"": ""CFC07m"", ""strategy_name"": ""財神列車7號"", ""signal_previous_position"": 0, ""previous_position"": 0, ""new_position"": 1}}"
2026-09-17T09:23:08.312887,live,signal_position_limit,"{""signal"": ""2026-09-17T09:23:07/995"", ""strategy_code"": ""CFCTX16m"", ""delta"": 1, ""projected_position"": 3, ""max_position"": 2}"
2026-09-17T10:24:34.118019,live,signal_no_change,"{""signal"": ""2026-09-17T10:24:33/996"", ""strategy_code"": ""CFCWIN01m""}"
2026-09-17T10:28:18.016076,live,submitted,"{""key"": ""signal/2026-09-17T10:28:15/997"", ""detail"": ""已送出賣出 TMF 1 口委託"", ""signal"": {""net_position"": 2, ""positions"": {""CFC07m"": 0, ""CFCTX17m"": 0, ""CFCTX18m"": 0, ""CFCTX19m"": 0, ""CFCTX20m"": 0, ""CFCTX21m"": 0, ""CFCWIN01m"": 0, ""CFCPW3m"": 1, ""CFCCPm"": 0, ""CFCTX16m"": 1, ""CFCTX22m"": 0, ""CFCTX23m"": 0, ""CFCTX15m"": 0}, ""source"": ""pure_ef_new_signals"", ""unit"": 1, ""last_signal"": ""2026-09-17T10:28:15/997"", ""strategy_code"": ""CFC07m"", ""strategy_name"": ""財神列車7號"", ""signal_previous_position"": 1, ""previous_position"": 1, ""new_position"": 0}}"
2026-09-17T12:37:37.857900,live,submitted,"{""key"": ""signal/2026-09-17T12:37:35/998"", ""detail"": ""已送出買進 TMF 1 口委託"", ""signal"": {""net_position"": 3, ""positions"": {""CFC07m"": 0, ""CFCTX17m"": 0, ""CFCTX18m"": 0, ""CFCTX19m"": 0, ""CFCTX20m"": 0, ""CFCTX21m"": 0, ""CFCWIN01m"": 0, ""CFCPW3m"": 1, ""CFCCPm"": 0, ""CFCTX16m"": 1, ""CFCTX22m"": 1, ""CFCTX23m"": 0, ""CFCTX15m"": 0}, ""source"": ""pure_ef_new_signals"", ""unit"": 1, ""last_signal"": ""2026-09-17T12:37:35/998"", ""strategy_code"": ""CFCTX22m"", ""strategy_name"": ""財神列車22號"", ""signal_previous_position"": 0, ""previous_position"": 0, ""new_position"": 1}}"
2026-09-17T12:52:33.869520,live,signal_position_limit,"{""signal"": ""2026-09-17T12:52:33/999"", ""strategy_code"": ""CFC07m"", ""delta"": 1, ""projected_position"": 3, ""max_position"": 2}"
2026-09-17T12:53:07.394524,live,signal_position_limit,"{""signal"": ""2026-09-17T12:53:07/1000"", ""strategy_code"": ""CFCTX16m"", ""delta"": 1, ""projected_position"": 3, ""max_position"": 2}"
2026-09-17T18:25:07.161137,live,signal_position_limit,"{""signal"": ""2026-09-17T18:25:06/1001"", ""strategy_code"": ""CFCCPm"", ""delta"": 1, ""projected_position"": 3, ""max_position"": 2}"
2026-09-17T18:25:09.207564,live,signal_position_limit,"{""signal"": ""2026-09-17T18:25:09/1002"", ""strategy_code"": ""CFCTX18m"", ""delta"": 1, ""projected_position"": 3, ""max_position"": 2}"
2026-09-17T19:00:06.507898,live,submitted,"{""key"": ""signal/2026-09-17T19:00:02/1003"", ""detail"": ""已送出賣出 TMF 1 口委託"", ""signal"": {""net_position"": 1, ""positions"": {""CFC07m"": 0, ""CFCTX17m"": 0, ""CFCTX18m"": 1, ""CFCTX19m"": 0, ""CFCTX20m"": 0, ""CFCTX21m"": 0, ""CFCWIN01m"": -1, ""CFCPW3m"": 0, ""CFCCPm"": 1, ""CFCTX16m"": 0, ""CFCTX22m"": 0, ""CFCTX23m"": 0, ""CFCTX15m"": 0}, ""source"": ""pure_ef_new_signals"", ""unit"": 1, ""last_signal"": ""2026-09-17T19:00:02/1003"", ""strategy_code"": ""CFCWIN01m"", ""strategy_name"": ""智能引擎1號"", ""signal_previous_position"": 0, ""previous_position"": 0, ""new_position"": -1}}"
2026-09-17T19:55:07.941208,live,submitted,"{""key"": ""signal/2026-09-17T19:55:05/1004"", ""detail"": ""已送出買進 TMF 1 口委託"", ""signal"": {""net_position"": 2, ""positions"": {""CFC07m"": 0, ""CFCTX17m"": 0, ""CFCTX18m"": 1, ""CFCTX19m"": 0, ""CFCTX20m"": 0, ""CFCTX21m"": 0, ""CFCWIN01m"": -1, ""CFCPW3m"": 0, ""CFCCPm"": 1, ""CFCTX16m"": 0, ""CFCTX22m"": 0, ""CFCTX23m"": 1, ""CFCTX15m"": 0}, ""source"": ""pure_ef_new_signals"", ""unit"": 1, ""last_signal"": ""2026-09-17T19:55:05/1004"", ""strategy_code"": ""CFCTX23m"", ""strategy_name"": ""財神列車23號"", ""signal_previous_position"": 0, ""previous_position"": 0, ""new_position"": 1}}"
2026-09-17T22:30:05.415717,live,signal_position_limit,"{""signal"": ""2026-09-17T22:30:04/1005"", ""strategy_code"": ""CFCWIN01m"", ""delta"": 2, ""projected_position"": 4, ""max_position"": 2}"
2026-09-17T23:41:36.646108,live,signal_position_limit,"{""signal"": ""2026-09-17T23:41:35/1006"", ""strategy_code"": ""CFCTX17m"", ""delta"": 1, ""projected_position"": 3, ""max_position"": 2}"
2026-09-18T01:00:03.398155,live,no_order_needed,"{""key"": ""2026-09-18T01:00:00/flat"", ""detail"": ""查詢庫存為空手，無需送單"", ""signal"": null}"
2026-09-18T05:05:02.693231,live,daily_reset,"{""previous_positions"": {""CFC07m"": 0, ""CFCTX17m"": 0, ""CFCTX18m"": 0, ""CFCTX19m"": 0, ""CFCTX20m"": 0, ""CFCTX21m"": 0, ""CFCWIN01m"": -1, ""CFCPW3m"": 1, ""CFCCPm"": 0, ""CFCTX16m"": 0, ""CFCTX22m"": 1, ""CFCTX23m"": 1, ""CFCTX15m"": 0}, ""cycle"": ""2026-09-18T01:00:00"", ""confirmed_flat"": true}"
2026-09-18T08:50:12.927742,live,alert,"{""message"": ""上次送單途中中斷，須核對券商委託及JSON部位；暫停新單""}"
2026-09-18T09:16:05.424320,live,signal_blocked,"{""signal"": ""2026-09-18T09:16:04/1009"", ""strategy_code"": ""CFCTX16m"", ""new_position"": 0, ""reason"": ""上次送單途中中斷，須核對券商委託及JSON部位""}"
2026-09-18T09:16:08.486357,live,signal_blocked,"{""signal"": ""2026-09-18T09:16:07/1010"", ""strategy_code"": ""CFCTX22m"", ""new_position"": 0, ""reason"": ""上次送單途中中斷，須核對券商委託及JSON部位""}"
2026-09-18T09:16:47.126735,live,signal_blocked,"{""signal"": ""2026-09-18T09:16:46/1011"", ""strategy_code"": ""CFC07m"", ""new_position"": 0, ""reason"": ""上次送單途中中斷，須核對券商委託及JSON部位""}"
2026-09-18T09:16:53.242270,live,signal_blocked,"{""signal"": ""2026-09-18T09:16:52/1012"", ""strategy_code"": ""CFCTX17m"", ""new_position"": 0, ""reason"": ""上次送單途中中斷，須核對券商委託及JSON部位""}"
2026-09-18T09:48:22.309679,live,recovery_skipped_no_retry,"{""target"": -1, ""key"": ""signal/2026-09-18T08:50:03/1007"", ""reason"": ""TMF實際庫存與JSON目標不一致""}"
2026-09-18T11:15:07.853868,live,failed_no_retry,"{""key"": ""signal/2026-09-18T11:15:02/1013"", ""detail"": ""本次送單失敗或送出結果不明（BrokerOrderError）；不重送，繼續等新訊號"", ""signal"": {""net_position"": 1, ""positions"": {""CFC07m"": 0, ""CFCTX17m"": 0, ""CFCTX18m"": 0, ""CFCTX19m"": 0, ""CFCTX20m"": 0, ""CFCTX21m"": 0, ""CFCWIN01m"": 0, ""CFCPW3m"": 0, ""CFCCPm"": 0, ""CFCTX16m"": 1, ""CFCTX22m"": 0, ""CFCTX23m"": 0, ""CFCTX15m"": 0}, ""source"": ""pure_ef_new_signals"", ""unit"": 1, ""last_signal"": ""2026-09-18T11:15:02/1013"", ""strategy_code"": ""CFCTX16m"", ""strategy_name"": ""財神列車16號"", ""signal_previous_position"": 0, ""previous_position"": 0, ""new_position"": 1}}"
2026-09-18T11:15:10.847775,live,failed_no_retry,"{""key"": ""signal/2026-09-18T11:15:05/1014"", ""detail"": ""本次送單失敗或送出結果不明（BrokerOrderError）；不重送，繼續等新訊號"", ""signal"": {""net_position"": 2, ""positions"": {""CFC07m"": 1, ""CFCTX17m"": 0, ""CFCTX18m"": 0, ""CFCTX19m"": 0, ""CFCTX20m"": 0, ""CFCTX21m"": 0, ""CFCWIN01m"": 0, ""CFCPW3m"": 0, ""CFCCPm"": 0, ""CFCTX16m"": 1, ""CFCTX22m"": 0, ""CFCTX23m"": 0, ""CFCTX15m"": 0}, ""source"": ""pure_ef_new_signals"", ""unit"": 1, ""last_signal"": ""2026-09-18T11:15:05/1014"", ""strategy_code"": ""CFC07m"", ""strategy_name"": ""財神列車7號"", ""signal_previous_position"": 0, ""previous_position"": 0, ""new_position"": 1}}"
2026-09-18T12:15:29.239514,live,failed_no_retry,"{""key"": ""signal/2026-09-18T12:15:25/1015"", ""detail"": ""本次送單失敗或送出結果不明（BrokerOrderError）；不重送，繼續等新訊號"", ""signal"": {""net_position"": 3, ""positions"": {""CFC07m"": 1, ""CFCTX17m"": 1, ""CFCTX18m"": 0, ""CFCTX19m"": 0, ""CFCTX20m"": 0, ""CFCTX21m"": 0, ""CFCWIN01m"": 0, ""CFCPW3m"": 0, ""CFCCPm"": 0, ""CFCTX16m"": 1, ""CFCTX22m"": 0, ""CFCTX23m"": 0, ""CFCTX15m"": 0}, ""source"": ""pure_ef_new_signals"", ""unit"": 1, ""last_signal"": ""2026-09-18T12:15:25/1015"", ""strategy_code"": ""CFCTX17m"", ""strategy_name"": ""財神列車17號"", ""signal_previous_position"": 0, ""previous_position"": 0, ""new_position"": 1}}"
2026-09-18T12:50:03.681875,live,signal_no_change,"{""signal"": ""2026-09-18T12:50:02/1016"", ""strategy_code"": ""CFCTX18m""}"
2026-09-18T12:50:29.125087,live,signal_position_limit,"{""signal"": ""2026-09-18T12:50:28/1017"", ""strategy_code"": ""CFCCPm"", ""delta"": 1, ""projected_position"": 3, ""max_position"": 2}"
2026-09-18T18:50:12.197450,live,recovery_skipped_no_retry,"{""target"": 1, ""key"": ""signal/2026-09-18T18:50:03/1018"", ""reason"": ""有未確認結束的 TMF 委託；不重複下單""}"
2026-09-18T20:07:43.128210,live,no_order_needed,"{""key"": ""signal/2026-09-18T20:07:39/1019"", ""detail"": ""目前庫存已符合最終口數，無需下單"", ""signal"": {""net_position"": -1, ""positions"": {""CFC07m"": 0, ""CFCTX17m"": 0, ""CFCTX18m"": 0, ""CFCTX19m"": 0, ""CFCTX20m"": 0, ""CFCTX21m"": 0, ""CFCWIN01m"": -1, ""CFCPW3m"": 0, ""CFCCPm"": 0, ""CFCTX16m"": 0, ""CFCTX22m"": 0, ""CFCTX23m"": 0, ""CFCTX15m"": 0}, ""source"": ""pure_ef_new_signals"", ""unit"": 1, ""last_signal"": ""2026-09-18T20:07:39/1019"", ""strategy_code"": ""CFCWIN01m"", ""strategy_name"": ""智能引擎1號"", ""signal_previous_position"": 1, ""previous_position"": 0, ""new_position"": -1}}"
2026-09-18T20:07:45.988134,live,failed_no_retry,"{""key"": ""signal/2026-09-18T20:07:42/1020"", ""detail"": ""本次送單失敗或送出結果不明（BrokerOrderError）；不重送，繼續等新訊號"", ""signal"": {""net_position"": -1, ""positions"": {""CFC07m"": 0, ""CFCTX17m"": 0, ""CFCTX18m"": 0, ""CFCTX19m"": 0, ""CFCTX20m"": 0, ""CFCTX21m"": 0, ""CFCWIN01m"": -1, ""CFCPW3m"": 0, ""CFCCPm"": 0, ""CFCTX16m"": 0, ""CFCTX22m"": 0, ""CFCTX23m"": 0, ""CFCTX15m"": 0}, ""source"": ""pure_ef_new_signals"", ""unit"": 1, ""last_signal"": ""2026-09-18T20:07:42/1020"", ""strategy_code"": ""CFC07m"", ""strategy_name"": ""財神列車7號"", ""signal_previous_position"": 1, ""previous_position"": 1, ""new_position"": 0}}"
2026-09-18T20:07:48.859260,live,failed_no_retry,"{""key"": ""signal/2026-09-18T20:07:44/1021"", ""detail"": ""本次送單失敗或送出結果不明（BrokerOrderError）；不重送，繼續等新訊號"", ""signal"": {""net_position"": -1, ""positions"": {""CFC07m"": 0, ""CFCTX17m"": 0, ""CFCTX18m"": 0, ""CFCTX19m"": 0, ""CFCTX20m"": 0, ""CFCTX21m"": 0, ""CFCWIN01m"": -1, ""CFCPW3m"": 0, ""CFCCPm"": 0, ""CFCTX16m"": 0, ""CFCTX22m"": 0, ""CFCTX23m"": 0, ""CFCTX15m"": 0}, ""source"": ""pure_ef_new_signals"", ""unit"": 1, ""last_signal"": ""2026-09-18T20:07:44/1021"", ""strategy_code"": ""CFCTX16m"", ""strategy_name"": ""財神列車16號"", ""signal_previous_position"": 1, ""previous_position"": 1, ""new_position"": 0}}"
2026-09-18T21:37:34.947100,live,signal_position_limit,"{""signal"": ""2026-09-18T21:37:34/1022"", ""strategy_code"": ""CFCTX16m"", ""delta"": -1, ""projected_position"": -3, ""max_position"": 2}"
2026-09-18T21:37:38.002665,live,signal_position_limit,"{""signal"": ""2026-09-18T21:37:37/1023"", ""strategy_code"": ""CFC07m"", ""delta"": -1, ""projected_position"": -3, ""max_position"": 2}"
2026-09-19T01:00:03.436386,live,no_order_needed,"{""key"": ""2026-09-19T01:00:00/flat"", ""detail"": ""目前庫存已符合最終口數，無需下單"", ""signal"": null}"
2026-09-19T05:05:01.929444,live,daily_reset,"{""previous_positions"": {""CFC07m"": 0, ""CFCTX17m"": 1, ""CFCTX18m"": -1, ""CFCTX19m"": 0, ""CFCTX20m"": 0, ""CFCTX21m"": 0, ""CFCWIN01m"": -1, ""CFCPW3m"": 0, ""CFCCPm"": -1, ""CFCTX16m"": 0, ""CFCTX22m"": 0, ""CFCTX23m"": 0, ""CFCTX15m"": 0}, ""cycle"": ""2026-09-19T01:00:00"", ""confirmed_flat"": true}"
2026-09-21T08:45:05.515312,live,failed_no_retry,"{""key"": ""signal/2026-09-21T08:45:03/1028"", ""detail"": ""本次送單失敗或送出結果不明（Exception）；不重送，繼續等新訊號"", ""signal"": {""net_position"": 0, ""positions"": {""CFC07m"": 0, ""CFCTX17m"": 0, ""CFCTX18m"": 0, ""CFCTX19m"": 0, ""CFCTX20m"": 0, ""CFCTX21m"": 0, ""CFCWIN01m"": 0, ""CFCPW3m"": 0, ""CFCCPm"": 0, ""CFCTX16m"": 0, ""CFCTX22m"": 0, ""CFCTX23m"": 0, ""CFCTX15m"": 0}, ""source"": ""pure_ef_new_signals"", ""unit"": 1, ""last_signal"": ""2026-09-21T08:45:03/1028"", ""strategy_code"": ""CFCTX18m"", ""strategy_name"": ""財神列車18號"", ""signal_previous_position"": -1, ""previous_position"": 0, ""new_position"": 0}}"
2026-09-21T09:02:27.185706,live,failed_no_retry,"{""key"": ""signal/2026-09-21T09:02:24/1029"", ""detail"": ""本次送單失敗或送出結果不明（Exception）；不重送，繼續等新訊號"", ""signal"": {""net_position"": 0, ""positions"": {""CFC07m"": 0, ""CFCTX17m"": 0, ""CFCTX18m"": 0, ""CFCTX19m"": 0, ""CFCTX20m"": 0, ""CFCTX21m"": 0, ""CFCWIN01m"": 0, ""CFCPW3m"": 0, ""CFCCPm"": 0, ""CFCTX16m"": 0, ""CFCTX22m"": 0, ""CFCTX23m"": 0, ""CFCTX15m"": 0}, ""source"": ""pure_ef_new_signals"", ""unit"": 1, ""last_signal"": ""2026-09-21T09:02:24/1029"", ""strategy_code"": ""CFCWIN01m"", ""strategy_name"": ""智能引擎1號"", ""signal_previous_position"": -1, ""previous_position"": 0, ""new_position"": 0}}"
2026-09-21T09:22:45.994034,live,failed_no_retry,"{""key"": ""signal/2026-09-21T09:22:43/1031"", ""detail"": ""本次送單失敗或送出結果不明（Exception）；不重送，繼續等新訊號"", ""signal"": {""net_position"": 1, ""positions"": {""CFC07m"": 0, ""CFCTX17m"": 0, ""CFCTX18m"": 0, ""CFCTX19m"": 0, ""CFCTX20m"": 0, ""CFCTX21m"": 0, ""CFCWIN01m"": 0, ""CFCPW3m"": 0, ""CFCCPm"": 0, ""CFCTX16m"": 1, ""CFCTX22m"": 0, ""CFCTX23m"": 0, ""CFCTX15m"": 0}, ""source"": ""pure_ef_new_signals"", ""unit"": 1, ""last_signal"": ""2026-09-21T09:22:43/1031"", ""strategy_code"": ""CFCTX16m"", ""strategy_name"": ""財神列車16號"", ""signal_previous_position"": 0, ""previous_position"": 0, ""new_position"": 1}}"
2026-09-21T11:22:37.911527,live,signal_position_limit,"{""signal"": ""2026-09-21T11:22:37/1032"", ""strategy_code"": ""CFCWIN01m"", ""delta"": 1, ""projected_position"": 3, ""max_position"": 2}"
2026-09-21T13:29:34.821963,live,signal_position_limit,"{""signal"": ""2026-09-21T13:29:34/1033"", ""strategy_code"": ""CFCTX18m"", ""delta"": 1, ""projected_position"": 3, ""max_position"": 2}"
2026-09-21T13:29:55.209312,live,signal_position_limit,"{""signal"": ""2026-09-21T13:29:55/1034"", ""strategy_code"": ""CFCCPm"", ""delta"": 1, ""projected_position"": 3, ""max_position"": 2}"
2026-09-21T13:31:16.648685,live,failed_no_retry,"{""key"": ""signal/2026-09-21T13:31:16/1035"", ""detail"": ""本次送單失敗或送出結果不明（BrokerOrderError）；不重送，繼續等新訊號"", ""signal"": {""net_position"": 3, ""positions"": {""CFC07m"": 0, ""CFCTX17m"": 0, ""CFCTX18m"": 1, ""CFCTX19m"": 0, ""CFCTX20m"": 0, ""CFCTX21m"": 0, ""CFCWIN01m"": 1, ""CFCPW3m"": 0, ""CFCCPm"": 1, ""CFCTX16m"": 0, ""CFCTX22m"": 0, ""CFCTX23m"": 0, ""CFCTX15m"": 0}, ""source"": ""pure_ef_new_signals"", ""unit"": 1, ""last_signal"": ""2026-09-21T13:31:16/1035"", ""strategy_code"": ""CFCTX15m"", ""strategy_name"": ""財神列車15號"", ""signal_previous_position"": -1, ""previous_position"": 0, ""new_position"": 0}}"
2026-09-21T13:31:25.851903,live,failed_no_retry,"{""key"": ""signal/2026-09-21T13:31:24/1036"", ""detail"": ""本次送單失敗或送出結果不明（BrokerOrderError）；不重送，繼續等新訊號"", ""signal"": {""net_position"": 3, ""positions"": {""CFC07m"": 0, ""CFCTX17m"": 0, ""CFCTX18m"": 1, ""CFCTX19m"": 0, ""CFCTX20m"": 0, ""CFCTX21m"": 0, ""CFCWIN01m"": 1, ""CFCPW3m"": 0, ""CFCCPm"": 1, ""CFCTX16m"": 0, ""CFCTX22m"": 0, ""CFCTX23m"": 0, ""CFCTX15m"": 0}, ""source"": ""pure_ef_new_signals"", ""unit"": 1, ""last_signal"": ""2026-09-21T13:31:24/1036"", ""strategy_code"": ""CFCTX21m"", ""strategy_name"": ""財神列車21號"", ""signal_previous_position"": -1, ""previous_position"": 0, ""new_position"": 0}}"
2026-09-21T21:22:34.099595,live,signal_position_limit,"{""signal"": ""2026-09-21T21:22:34/1037"", ""strategy_code"": ""CFCTX23m"", ""delta"": 0, ""projected_position"": 2, ""max_position"": 1, ""position_unit"": 1}"
2026-09-21T21:22:43.237579,live,signal_position_limit,"{""signal"": ""2026-09-21T21:22:42/1038"", ""strategy_code"": ""CFCCPm"", ""delta"": 0, ""projected_position"": 2, ""max_position"": 1, ""position_unit"": 1}"
2026-09-21T21:30:23.940734,live,signal_position_limit,"{""signal"": ""2026-09-21T21:30:23/1039"", ""strategy_code"": ""CFCTX17m"", ""delta"": 0, ""projected_position"": 2, ""max_position"": 1, ""position_unit"": 1}"
2026-09-21T21:32:33.203067,live,signal_position_limit,"{""signal"": ""2026-09-21T21:32:32/1040"", ""strategy_code"": ""CFCPW3m"", ""delta"": 0, ""projected_position"": 2, ""max_position"": 1, ""position_unit"": 1}"
2026-09-21T21:40:05.083389,live,signal_position_limit,"{""signal"": ""2026-09-21T21:40:04/1041"", ""strategy_code"": ""CFCTX22m"", ""delta"": 1, ""projected_position"": 3, ""max_position"": 1, ""position_unit"": 1}"
2026-09-21T21:42:20.593453,live,signal_position_limit,"{""signal"": ""2026-09-21T21:42:19/1042"", ""strategy_code"": ""CFCTX23m"", ""delta"": 1, ""projected_position"": 4, ""max_position"": 1, ""position_unit"": 1}"
2026-09-21T22:00:40.323770,live,signal_position_limit,"{""signal"": ""2026-09-21T22:00:40/1043"", ""strategy_code"": ""CFCCPm"", ""delta"": 1, ""projected_position"": 5, ""max_position"": 1, ""position_unit"": 1}"
2026-09-22T01:00:01.609162,live,no_order_needed,"{""key"": ""2026-09-22T01:00:00/flat"", ""detail"": ""目前庫存已符合最終口數，無需下單"", ""signal"": null}"
2026-09-22T05:05:00.762744,live,daily_reset,"{""previous_positions"": {""CFC07m"": 1, ""CFCTX17m"": 0, ""CFCTX18m"": 1, ""CFCTX19m"": 0, ""CFCTX20m"": 0, ""CFCTX21m"": 0, ""CFCWIN01m"": 1, ""CFCPW3m"": 0, ""CFCCPm"": 1, ""CFCTX16m"": 1, ""CFCTX22m"": 1, ""CFCTX23m"": 1, ""CFCTX15m"": 0}, ""cycle"": ""2026-09-22T01:00:00"", ""confirmed_flat"": true}"
2026-09-22T08:45:03.001017,live,failed_no_retry,"{""key"": ""signal/2026-09-22T08:45:02/1044"", ""detail"": ""本次送單失敗或送出結果不明（BrokerOrderError）；不重送，繼續等新訊號"", ""signal"": {""net_position"": 1, ""positions"": {""CFC07m"": 0, ""CFCTX17m"": 1, ""CFCTX18m"": 0, ""CFCTX19m"": 0, ""CFCTX20m"": 0, ""CFCTX21m"": 0, ""CFCWIN01m"": 0, ""CFCPW3m"": 0, ""CFCCPm"": 0, ""CFCTX16m"": 0, ""CFCTX22m"": 0, ""CFCTX23m"": 0, ""CFCTX15m"": 0}, ""source"": ""pure_ef_new_signals"", ""unit"": 1, ""last_signal"": ""2026-09-22T08:45:02/1044"", ""strategy_code"": ""CFCTX17m"", ""strategy_name"": ""財神列車17號"", ""signal_previous_position"": 0, ""previous_position"": 0, ""new_position"": 1}}"
2026-09-22T08:52:32.870567,live,failed_no_retry,"{""key"": ""signal/2026-09-22T08:52:32/1045"", ""detail"": ""本次送單失敗或送出結果不明（BrokerOrderError）；不重送，繼續等新訊號"", ""signal"": {""net_position"": 1, ""positions"": {""CFC07m"": 0, ""CFCTX17m"": 1, ""CFCTX18m"": 0, ""CFCTX19m"": 0, ""CFCTX20m"": 0, ""CFCTX21m"": 0, ""CFCWIN01m"": 0, ""CFCPW3m"": 0, ""CFCCPm"": 0, ""CFCTX16m"": 0, ""CFCTX22m"": 0, ""CFCTX23m"": 0, ""CFCTX15m"": 0}, ""source"": ""pure_ef_new_signals"", ""unit"": 1, ""last_signal"": ""2026-09-22T08:52:32/1045"", ""strategy_code"": ""CFCWIN01m"", ""strategy_name"": ""智能引擎1號"", ""signal_previous_position"": 1, ""previous_position"": 0, ""new_position"": 0}}"
2026-09-22T08:52:55.350875,live,failed_no_retry,"{""key"": ""signal/2026-09-22T08:52:55/1046"", ""detail"": ""本次送單失敗或送出結果不明（BrokerOrderError）；不重送，繼續等新訊號"", ""signal"": {""net_position"": 1, ""positions"": {""CFC07m"": 0, ""CFCTX17m"": 1, ""CFCTX18m"": 0, ""CFCTX19m"": 0, ""CFCTX20m"": 0, ""CFCTX21m"": 0, ""CFCWIN01m"": 0, ""CFCPW3m"": 0, ""CFCCPm"": 0, ""CFCTX16m"": 0, ""CFCTX22m"": 0, ""CFCTX23m"": 0, ""CFCTX15m"": 0}, ""source"": ""pure_ef_new_signals"", ""unit"": 1, ""last_signal"": ""2026-09-22T08:52:55/1046"", ""strategy_code"": ""CFCTX22m"", ""strategy_name"": ""財神列車22號"", ""signal_previous_position"": 1, ""previous_position"": 0, ""new_position"": 0}}"
2026-09-22T09:04:53.177270,live,no_order_needed,"{""key"": ""signal/2026-09-22T09:04:53/1047"", ""detail"": ""目前庫存已符合最終口數，無需下單"", ""signal"": {""net_position"": 0, ""positions"": {""CFC07m"": 0, ""CFCTX17m"": 0, ""CFCTX18m"": 0, ""CFCTX19m"": 0, ""CFCTX20m"": 0, ""CFCTX21m"": 0, ""CFCWIN01m"": 0, ""CFCPW3m"": 0, ""CFCCPm"": 0, ""CFCTX16m"": 0, ""CFCTX22m"": 0, ""CFCTX23m"": 0, ""CFCTX15m"": 0}, ""source"": ""pure_ef_new_signals"", ""unit"": 1, ""last_signal"": ""2026-09-22T09:04:53/1047"", ""strategy_code"": ""CFCTX17m"", ""strategy_name"": ""財神列車17號"", ""signal_previous_position"": 1, ""previous_position"": 1, ""new_position"": 0}}"
2026-09-22T09:05:15.641884,live,no_order_needed,"{""key"": ""signal/2026-09-22T09:05:14/1048"", ""detail"": ""目前庫存已符合最終口數，無需下單"", ""signal"": {""net_position"": 0, ""positions"": {""CFC07m"": 0, ""CFCTX17m"": 0, ""CFCTX18m"": 0, ""CFCTX19m"": 0, ""CFCTX20m"": 0, ""CFCTX21m"": 0, ""CFCWIN01m"": 0, ""CFCPW3m"": 0, ""CFCCPm"": 0, ""CFCTX16m"": 0, ""CFCTX22m"": 0, ""CFCTX23m"": 0, ""CFCTX15m"": 0}, ""source"": ""pure_ef_new_signals"", ""unit"": 1, ""last_signal"": ""2026-09-22T09:05:14/1048"", ""strategy_code"": ""CFC07m"", ""strategy_name"": ""財神列車7號"", ""signal_previous_position"": 1, ""previous_position"": 0, ""new_position"": 0}}"
2026-09-22T09:11:40.564240,live,no_order_needed,"{""key"": ""signal/2026-09-22T09:11:40/1049"", ""detail"": ""目前庫存已符合最終口數，無需下單"", ""signal"": {""net_position"": 0, ""positions"": {""CFC07m"": 0, ""CFCTX17m"": 0, ""CFCTX18m"": 0, ""CFCTX19m"": 0, ""CFCTX20m"": 0, ""CFCTX21m"": 0, ""CFCWIN01m"": 0, ""CFCPW3m"": 0, ""CFCCPm"": 0, ""CFCTX16m"": 0, ""CFCTX22m"": 0, ""CFCTX23m"": 0, ""CFCTX15m"": 0}, ""source"": ""pure_ef_new_signals"", ""unit"": 1, ""last_signal"": ""2026-09-22T09:11:40/1049"", ""strategy_code"": ""CFCTX23m"", ""strategy_name"": ""財神列車23號"", ""signal_previous_position"": 1, ""previous_position"": 0, ""new_position"": 0}}"
2026-09-22T09:20:03.457670,live,no_order_needed,"{""key"": ""signal/2026-09-22T09:20:02/1050"", ""detail"": ""目前庫存已符合最終口數，無需下單"", ""signal"": {""net_position"": 0, ""positions"": {""CFC07m"": 0, ""CFCTX17m"": 0, ""CFCTX18m"": 0, ""CFCTX19m"": 0, ""CFCTX20m"": 0, ""CFCTX21m"": 0, ""CFCWIN01m"": 0, ""CFCPW3m"": 0, ""CFCCPm"": 0, ""CFCTX16m"": 0, ""CFCTX22m"": 0, ""CFCTX23m"": 0, ""CFCTX15m"": 0}, ""source"": ""pure_ef_new_signals"", ""unit"": 1, ""last_signal"": ""2026-09-22T09:20:02/1050"", ""strategy_code"": ""CFCTX16m"", ""strategy_name"": ""財神列車16號"", ""signal_previous_position"": 1, ""previous_position"": 0, ""new_position"": 0}}"
2026-09-22T11:37:34.749801,live,failed_no_retry,"{""key"": ""signal/2026-09-22T11:37:33/1051"", ""detail"": ""本次送單失敗或送出結果不明（BrokerOrderError）；不重送，繼續等新訊號"", ""signal"": {""net_position"": -1, ""positions"": {""CFC07m"": -1, ""CFCTX17m"": 0, ""CFCTX18m"": 0, ""CFCTX19m"": 0, ""CFCTX20m"": 0, ""CFCTX21m"": 0, ""CFCWIN01m"": 0, ""CFCPW3m"": 0, ""CFCCPm"": 0, ""CFCTX16m"": 0, ""CFCTX22m"": 0, ""CFCTX23m"": 0, ""CFCTX15m"": 0}, ""source"": ""pure_ef_new_signals"", ""unit"": 1, ""last_signal"": ""2026-09-22T11:37:33/1051"", ""strategy_code"": ""CFC07m"", ""strategy_name"": ""財神列車7號"", ""signal_previous_position"": 0, ""previous_position"": 0, ""new_position"": -1}}"
2026-09-22T11:37:42.887410,live,signal_position_limit,"{""signal"": ""2026-09-22T11:37:41/1052"", ""strategy_code"": ""CFCTX16m"", ""delta"": -1, ""projected_position"": -2, ""max_position"": 1, ""position_unit"": 1}"
2026-09-22T11:44:55.194808,live,signal_position_limit,"{""signal"": ""2026-09-22T11:44:54/1053"", ""strategy_code"": ""CFCTX18m"", ""delta"": 0, ""projected_position"": -2, ""max_position"": 1, ""position_unit"": 1}"
2026-09-22T12:17:43.140201,live,signal_position_limit,"{""signal"": ""2026-09-22T12:17:42/1054"", ""strategy_code"": ""CFCCPm"", ""delta"": 0, ""projected_position"": -2, ""max_position"": 1, ""position_unit"": 1}"
2026-09-22T16:03:49.573816,live,signal_position_limit,"{""signal"": ""2026-09-22T16:03:48/1055"", ""strategy_code"": ""CFCTX17m"", ""delta"": -1, ""projected_position"": -3, ""max_position"": 1, ""position_unit"": 1}"
2026-09-22T16:46:58.572735,live,signal_position_limit,"{""signal"": ""2026-09-22T16:46:57/1056"", ""strategy_code"": ""CFC07m"", ""delta"": 1, ""projected_position"": -2, ""max_position"": 1, ""position_unit"": 1}"
2026-09-22T17:00:24.808151,live,failed_no_retry,"{""key"": ""signal/2026-09-22T17:00:23/1057"", ""detail"": ""本次送單失敗或送出結果不明（BrokerOrderError）；不重送，繼續等新訊號"", ""signal"": {""net_position"": 1, ""positions"": {""CFC07m"": 0, ""CFCTX17m"": 0, ""CFCTX18m"": 0, ""CFCTX19m"": 0, ""CFCTX20m"": 1, ""CFCTX21m"": 0, ""CFCWIN01m"": 0, ""CFCPW3m"": 0, ""CFCCPm"": 0, ""CFCTX16m"": 0, ""CFCTX22m"": 0, ""CFCTX23m"": 0, ""CFCTX15m"": 0}, ""source"": ""pure_ef_new_signals"", ""unit"": 1, ""last_signal"": ""2026-09-22T17:00:23/1057"", ""strategy_code"": ""CFCTX20m"", ""strategy_name"": ""財神列車20號"", ""signal_previous_position"": 0, ""previous_position"": 0, ""new_position"": 1}}"
2026-09-22T17:15:55.065014,live,failed_no_retry,"{""key"": ""signal/2026-09-22T17:00:23/1058"", ""detail"": ""本次送單失敗或送出結果不明（BrokerOrderError）；不重送，繼續等新訊號"", ""signal"": {""net_position"": 1, ""positions"": {""CFC07m"": 0, ""CFCTX17m"": 0, ""CFCTX18m"": 0, ""CFCTX19m"": 0, ""CFCTX20m"": 1, ""CFCTX21m"": 0, ""CFCWIN01m"": 0, ""CFCPW3m"": 0, ""CFCCPm"": 0, ""CFCTX16m"": 0, ""CFCTX22m"": 0, ""CFCTX23m"": 0, ""CFCTX15m"": 0}, ""source"": ""pure_ef_new_signals"", ""unit"": 1, ""last_signal"": ""2026-09-22T17:00:23/1058"", ""strategy_code"": ""CFCTX20m"", ""strategy_name"": ""財神列車20號"", ""signal_previous_position"": 0, ""previous_position"": 1, ""new_position"": 1}}"
