timestamp,action,side,price,note,signal,trend,tx_bvav,mtx_bvav,mtx_bvav_avg,bbr
2026-05-06 09:54:00,enter,bear,41325.0,空單進場：價格 41325.0，前一根收盤 41401.0，TT短線=41701.5382460166，TT長線=41685.6742001996，MXF訊號=bear，MXF趨勢=death,bear,death,-779,-1267,379,0.4978660128
2026-05-06 09:55:00,exit,bear,41305.0,空單出場：價格 41305.0，進場價 41325.0，持有至 2026-05-06 09:54:01，出場原因：停利，TT短線=41685.9877265649，TT長線=41678.1360972254，MXF訊號=bear，MXF趨勢=death,bear,death,-820,-1549,157,0.4750521368
2026-05-06 10:01:01,enter,bear,41326.0,空單進場：價格 41326.0，前一根收盤 41402.0，TT短線=41619.9512272971，TT長線=41644.0207185322，MXF訊號=bear，MXF趨勢=death,bear,death,-538,-1406,-499,0.4960304817
2026-05-06 10:02:00,exit,bear,41295.0,空單出場：價格 41295.0，進場價 41326.0，持有至 2026-05-06 10:01:01，出場原因：停利，TT短線=41607.2080419129，TT長線=41637.1094171752，MXF訊號=bear，MXF趨勢=death,bear,death,-538,-1406,-499,0.4606125384
2026-05-06 10:04:00,enter,bear,41261.0,空單進場：價格 41261.0，前一根收盤 41331.0，TT短線=41583.2243401126，TT長線=41623.7201644676，MXF訊號=bear，MXF趨勢=death,bear,death,-534,-1608,-720,0.4213507559
2026-05-06 10:05:01,exit,bear,41220.0,空單出場：價格 41220.0，進場價 41261.0，持有至 2026-05-06 10:04:01，出場原因：停利，TT短線=41568.9802483435，TT長線=41615.7257057653，MXF訊號=bear，MXF趨勢=death,bear,death,-307,-1412,-940,0.3745229282
2026-05-06 10:06:00,enter,bear,41190.0,空單進場：價格 41190.0，前一根收盤 41220.0，TT短線=41554.1182778202，TT長線=41607.2954937699，MXF訊號=bear，MXF趨勢=death,bear,death,-307,-1412,-940,0.3401442722
2026-05-06 10:07:00,exit,bear,41059.0,空單出場：價格 41059.0，進場價 41190.0，持有至 2026-05-06 10:06:01，出場原因：停利，TT短線=41534.7018747684，TT長線=41596.4381572596，MXF訊號=bear，MXF趨勢=death,bear,death,-685,-2126,-1176,0.1911756541
2026-05-06 10:30:58,enter,bear,41230.0,空單進場：價格 41230.0，前一根收盤 41298.0，TT短線=41410.8847861814，TT長線=41497.1950853621，MXF訊號=bear，MXF趨勢=death,bear,death,-508,-1687,-1494,0.3739514063
2026-05-06 10:31:58,exit,bear,41320.0,空單出場：價格 41320.0，進場價 41230.0，持有至 2026-05-06 10:30:59，出場原因：停損，TT短線=41407.3206769194，TT長線=41493.6862717906，MXF訊號=bear，MXF趨勢=death,bear,death,-637,-1801,-1497,0.4781515853
2026-05-06 10:32:58,enter,bear,41266.0,空單進場：價格 41266.0，前一根收盤 41320.0，TT短線=41401.7786895892，TT長線=41489.1776327453，MXF訊號=bear，MXF趨勢=death,bear,death,-459,-1534,-1503,0.4147628034
2026-05-06 10:33:58,exit,bear,41326.0,空單出場：價格 41326.0，進場價 41266.0，持有至 2026-05-06 10:32:58，出場原因：停損，TT短線=41398.806976272，TT長線=41485.9463924929，MXF訊號=bear，MXF趨勢=death,bear,death,-549,-1711,-1528,0.484306508
2026-05-06 10:41:58,enter,bear,41206.0,空單進場：價格 41206.0，前一根收盤 41228.0，TT短線=41361.8258424576，TT長線=41453.354273802，MXF訊號=bear，MXF趨勢=death,bear,death,-597,-1830,-1620,0.3396580018
2026-05-06 10:42:58,exit,bear,41170.0,空單出場：價格 41170.0，進場價 41206.0，持有至 2026-05-06 10:41:59，出場原因：停利，TT短線=41354.3032604004，TT長線=41447.7432980831，MXF訊號=bear，MXF趨勢=death,bear,death,-772,-2081,-1646,0.2967733131
2026-05-06 10:43:58,enter,bear,41149.0,空單進場：價格 41149.0，前一根收盤 41170.0，TT短線=41346.2521521494，TT長線=41441.8275892102，MXF訊號=bear，MXF趨勢=death,bear,death,-630,-1855,-1674,0.2716216137
2026-05-06 10:44:59,exit,bear,41184.0,空單出場：價格 41184.0，進場價 41149.0，持有至 2026-05-06 10:43:59，出場原因：停損，TT短線=41339.8893226534，TT長線=41436.7220923941，MXF訊號=bear，MXF趨勢=death,bear,death,-776,-2061,-1690,0.3126905786
2026-05-06 10:45:58,enter,bear,41180.0,空單進場：價格 41180.0，前一根收盤 41184.0，TT短線=41333.6191531376，TT長線=41431.6384866042，MXF訊號=bear，MXF趨勢=death,bear,death,-520,-1793,-1703,0.3079026794
2026-05-06 10:46:59,exit,bear,41203.0,空單出場：價格 41203.0，進場價 41180.0，持有至 2026-05-06 10:45:59，出場原因：停損，TT短線=41328.4968334067，TT長線=41427.1109918199，MXF訊號=bear，MXF趨勢=death,bear,death,-604,-1885,-1722,0.335038793
2026-05-06 10:59:59,enter,bear,41137.0,空單進場：價格 41137.0，前一根收盤 41170.0，TT短線=41278.51532747，TT長線=41376.8688666807，MXF訊號=bear，MXF趨勢=death,bear,death,-389,-1789,-1760,0.2546309677
2026-05-06 11:00:58,exit,bear,41158.0,空單出場：價格 41158.0，進場價 41137.0，持有至 2026-05-06 10:59:59，出場原因：停損，TT短線=41273.7892361967，TT長線=41372.5348297167，MXF訊號=bear，MXF趨勢=death,bear,death,-597,-2029,-1781,0.2795143506
2026-05-06 11:03:56,enter,bear,41090.0,空單進場：價格 41090.0，前一根收盤 41134.0，TT短線=41255.8924535006，TT長線=41357.5816511284，MXF訊號=bear，MXF趨勢=death,bear,death,-603,-2065,-1808,0.1987548422
2026-05-06 11:04:57,exit,bear,41103.0,空單出場：價格 41103.0，進場價 41090.0，持有至 2026-05-06 11:03:56，出場原因：停損，TT短線=41249.8966710104，TT長線=41352.540430314，MXF訊號=bear，MXF趨勢=death,bear,death,-728,-2278,-1816,0.2142884613
2026-05-06 12:19:00,enter,bear,41297.0,空單進場：價格 41297.0，前一根收盤 41304.0，TT短線=41316.4722316946，TT長線=41322.8879958169，MXF訊號=bear，MXF趨勢=death,bear,death,-190,-1204,-994,0.4233101484
2026-05-06 12:21:02,exit,bear,41311.0,空單出場：價格 41311.0，進場價 41297.0，持有至 2026-05-06 12:19:01，出場原因：停損，TT短線=41315.4109297573，TT長線=41322.0918779533，MXF訊號=bear，MXF趨勢=death,bear,death,-267,-1243,-1017,0.4403494291
2026-05-06 12:24:01,enter,bear,41285.0,空單進場：價格 41285.0，前一根收盤 41311.0，TT短線=41314.1458750783，TT長線=41321.0642434455，MXF訊號=bear，MXF趨勢=death,bear,death,-268,-1259,-1034,0.4070224135
2026-05-06 12:26:01,exit,bear,41297.0,空單出場：價格 41297.0，進場價 41285.0，持有至 2026-05-06 12:24:01，出場原因：停損，TT短線=41312.6767574253，TT長線=41320.0430006872，MXF訊號=bear，MXF趨勢=death,bear,death,-331,-1277,-1060,0.4215533452
2026-05-07 20:03:02,enter,bear,42227.0,空單進場：價格 42227.0，前一根收盤 42242.0，TT短線=42256.5993579216，TT長線=42265.3162608162，MXF訊號=bear，MXF趨勢=death,bear,death,-356,-228,-23,0.4943474775
2026-05-07 20:04:04,exit,bear,42247.0,空單出場：價格 42247.0，進場價 42227.0，持有至 2026-05-07 20:03:08，出場原因：停損，TT短線=42256.2229125129，TT長線=42264.9535625822，MXF訊號=bear，MXF趨勢=death,bear,death,-356,-228,-23,0.5280436839
2026-05-07 21:07:02,enter,bear,42234.0,空單進場：價格 42234.0，前一根收盤 42244.0，TT短線=42280.7865111149，TT長線=42279.0273654794，MXF訊號=bear，MXF趨勢=death,bear,death,-383,-121,259,0.4654788985
2026-05-07 21:09:02,exit,bear,42246.0,空單出場：價格 42246.0，進場價 42234.0，持有至 2026-05-07 21:07:02，出場原因：停損，TT短線=42277.9609431707，TT長線=42277.6546621962，MXF訊號=bear，MXF趨勢=death,bear,death,-342,-38,233,0.487954711
2026-05-07 21:36:01,enter,bear,42205.0,空單進場：價格 42205.0，前一根收盤 42215.0，TT短線=42254.135858472，TT長線=42263.8588287452，MXF訊號=bear，MXF趨勢=death,bear,death,-576,-459,-9,0.389554398
2026-05-07 21:37:02,exit,bear,42185.0,空單出場：價格 42185.0，進場價 42205.0，持有至 2026-05-07 21:36:02，出場原因：停利，TT短線=42251.4246483359，TT長線=42262.29726778，MXF訊號=bear，MXF趨勢=death,bear,death,-726,-623,-60,0.3474610182
2026-05-07 21:38:01,enter,bear,42180.0,空單進場：價格 42180.0，前一根收盤 42185.0，TT短線=42248.6236817345，TT長線=42260.6676189131，MXF訊號=bear，MXF趨勢=death,bear,death,-726,-623,-60,0.3363649411
2026-05-07 21:39:01,exit,bear,42200.0,空單出場：價格 42200.0，進場價 42180.0，持有至 2026-05-07 21:38:07，出場原因：停損，TT短線=42246.7168706861，TT長線=42259.4662799247，MXF訊號=bear，MXF趨勢=death,bear,death,-656,-456,-110,0.3772273455
2026-05-07 21:40:04,enter,bear,42187.0,空單進場：價格 42187.0，前一根收盤 42200.0，TT短線=42244.37503262，TT長線=42258.0313040846，MXF訊號=bear，MXF趨勢=death,bear,death,-656,-456,-110,0.349478545
2026-05-07 21:41:03,exit,bear,42164.0,空單出場：價格 42164.0，進場價 42187.0，持有至 2026-05-07 21:40:04，出場原因：停利，TT短線=42241.2230705564，TT長線=42256.1692980631，MXF訊號=bear，MXF趨勢=death,bear,death,-740,-599,-170,0.3008112146
2026-05-07 21:42:02,enter,bear,42136.0,空單進場：價格 42136.0，前一根收盤 42164.0，TT短線=42237.0966756326，TT長線=42253.7897080024，MXF訊號=bear，MXF趨勢=death,bear,death,-740,-599,-170,0.2416119475
2026-05-07 21:43:01,exit,bear,42106.0,空單出場：價格 42106.0，進場價 42136.0，持有至 2026-05-07 21:42:04，出場原因：停利，TT短線=42231.9556295294，TT長線=42250.8631791311，MXF訊號=bear，MXF趨勢=death,bear,death,-802,-821,-214,0.1781694251
2026-05-07 21:44:01,enter,bear,42094.0,空單進場：價格 42094.0，前一根收盤 42106.0，TT短線=42226.545604842，TT長線=42247.7569775642，MXF訊號=bear，MXF趨勢=death,bear,death,-846,-935,-264,0.1523054787
2026-05-07 21:45:04,exit,bear,42068.0,空單出場：價格 42068.0，進場價 42094.0，持有至 2026-05-07 21:44:03，出場原因：停利，TT短線=42220.3281301423，TT長線=42244.197433454，MXF訊號=bear，MXF趨勢=death,bear,death,-1018,-1376,-374,0.0970516806
2026-05-07 21:46:01,enter,bear,42015.0,空單進場：價格 42015.0，前一根收盤 42068.0，TT短線=42212.2760466073，TT長線=42239.6588704153，MXF訊號=bear，MXF趨勢=death,bear,death,-1018,-1376,-374,-0.0147180264
2026-05-07 21:47:01,exit,bear,42060.0,空單出場：價格 42060.0，進場價 42015.0，持有至 2026-05-07 21:46:01，出場原因：停損，TT短線=42206.3044369364，TT長線=42236.1012690209，MXF訊號=bear，MXF趨勢=death,bear,death,-1014,-1544,-446,0.0790519974
2026-05-07 21:48:01,enter,bear,42035.0,空單進場：價格 42035.0，前一根收盤 42060.0，TT短線=42199.5866158801，TT長線=42232.119065674，MXF訊號=bear，MXF趨勢=death,bear,death,-838,-1164,-507,0.0253991947
2026-05-07 21:49:01,exit,bear,42069.0,空單出場：價格 42069.0，進場價 42035.0，持有至 2026-05-07 21:48:07，出場原因：停損，TT短線=42194.4655721201，TT長線=42228.8889851656，MXF訊號=bear，MXF趨勢=death,bear,death,-966,-1379,-642,0.0961235866
2026-05-07 21:52:01,enter,bear,42054.0,空單進場：價格 42054.0，前一根收盤 42122.0，TT短線=42181.9020896515，TT長線=42220.4233203862，MXF訊號=bear，MXF趨勢=death,bear,death,-819,-1282,-797,0.0605291712
2026-05-07 21:53:01,exit,bear,42083.0,空單出場：價格 42083.0，進場價 42054.0，持有至 2026-05-07 21:52:01，出場原因：停損，TT短線=42178.0235763318，TT長線=42217.7020665171，MXF訊號=bear，MXF趨勢=death,bear,death,-819,-1282,-797,0.1209535701
2026-05-07 21:54:01,enter,bear,42067.0,空單進場：價格 42067.0，前一根收盤 42083.0，TT短線=42173.6697105933，TT長線=42214.7178671802，MXF訊號=bear，MXF趨勢=death,bear,death,-629,-948,-894,0.0855451767
2026-05-07 21:55:04,exit,bear,42113.0,空單出場：價格 42113.0，進場價 42067.0，持有至 2026-05-07 21:54:01，出場原因：停損，TT短線=42171.2905062563，TT長線=42212.7036519885，MXF訊號=bear，MXF趨勢=death,bear,death,-625,-929,-903,0.1824596517
2026-05-07 21:59:01,enter,bear,42072.0,空單進場：價格 42072.0，前一根收盤 42107.0，TT短線=42160.6850238089，TT長線=42204.031499391，MXF訊號=bear，MXF趨勢=death,bear,death,-721,-1189,-978,0.0885463364
2026-05-07 22:00:10,exit,bear,42086.0,空單出場：價格 42086.0，進場價 42072.0，持有至 2026-05-07 21:59:01，出場原因：停損，TT短線=42157.7561993458，TT長線=42201.6942419773，MXF訊號=bear，MXF趨勢=death,bear,death,-677,-1045,-997,0.1177228978
2026-05-07 22:05:03,enter,bear,42070.0,空單進場：價格 42070.0，前一根收盤 42077.0，TT短線=42142.9998902297，TT長線=42189.7874901161，MXF訊號=bear，MXF趨勢=death,bear,death,-796,-1235,-1118,0.077544814
2026-05-07 22:08:02,exit,bear,42115.0,空單出場：價格 42115.0，進場價 42070.0，持有至 2026-05-07 22:05:04，出場原因：停損，TT短線=42136.4769966728，TT長線=42183.6846007838，MXF訊號=bear，MXF趨勢=gold,bear,gold,-635,-957,-1123,0.1746793606
2026-05-07 23:12:01,enter,bear,42161.0,空單進場：價格 42161.0，前一根收盤 42173.0，TT短線=42181.4463301979，TT長線=42182.3214677568，MXF訊號=bear，MXF趨勢=death,bear,death,-498,-615,-392,0.2097313112
2026-05-07 23:17:04,exit,bear,42177.0,空單出場：價格 42177.0，進場價 42161.0，持有至 2026-05-07 23:12:02，出場原因：停損，TT短線=42178.4181844093，TT長線=42180.6321204801，MXF訊號=bear，MXF趨勢=death,bear,death,-476,-585,-408,0.2471718426
2026-05-07 23:21:01,enter,bear,42162.0,空單進場：價格 42162.0，前一根收盤 42168.0，TT短線=42177.2016370099，TT長線=42179.8412076569，MXF訊號=bear，MXF趨勢=death,bear,death,-448,-559,-461,0.2053684577
2026-05-07 23:22:02,exit,bear,42138.0,空單出場：價格 42138.0，進場價 42162.0，持有至 2026-05-07 23:21:02，出場原因：停利，TT短線=42175.6643179115，TT長線=42179.0126688914，MXF訊號=bear，MXF趨勢=death,bear,death,-540,-707,-487,0.1418688389
2026-05-07 23:27:01,enter,bear,42121.0,空單進場：價格 42121.0，前一根收盤 42153.0，TT短線=42170.522747364，TT長線=42176.028384544，MXF訊號=bear，MXF趨勢=death,bear,death,-602,-789,-585,0.0946505367
2026-05-07 23:28:01,exit,bear,42137.0,空單出場：價格 42137.0，進場價 42121.0，持有至 2026-05-07 23:27:02，出場原因：停損，TT短線=42169.2081298203，TT長線=42175.2555452461，MXF訊號=bear，MXF趨勢=death,bear,death,-561,-744,-595,0.1365982449
2026-05-07 23:29:02,enter,bear,42119.0,空單進場：價格 42119.0，前一根收盤 42137.0，TT短線=42167.2391835528，TT長線=42174.1415740531，MXF訊號=bear，MXF趨勢=death,bear,death,-660,-950,-618,0.0887875979
2026-05-07 23:30:02,exit,bear,42144.0,空單出場：價格 42144.0，進場價 42119.0，持有至 2026-05-07 23:29:02，出場原因：停損，TT短線=42166.3278430213，TT長線=42173.5447112006，MXF訊號=bear，MXF趨勢=death,bear,death,-553,-722,-626,0.154660063
2026-05-07 23:49:00,enter,bear,42155.0,空單進場：價格 42155.0，前一根收盤 42158.0，TT短線=42173.5389082609，TT長線=42175.4136597667，MXF訊號=bear，MXF趨勢=death,bear,death,-467,-660,-557,0.1756089059
2026-05-07 23:52:01,exit,bear,42135.0,空單出場：價格 42135.0，進場價 42155.0，持有至 2026-05-07 23:49:01，出場原因：停利，TT短線=42170.0654576143，TT長線=42173.5209154004，MXF訊號=bear，MXF趨勢=death,bear,death,-600,-761,-555,0.1208391157
2026-05-07 23:53:01,enter,bear,42112.0,空單進場：價格 42112.0，前一根收盤 42135.0，TT短線=42167.7883808451，TT長線=42172.3026794519，MXF訊號=bear，MXF趨勢=death,bear,death,-597,-784,-543,0.0587967933
2026-05-07 23:54:01,exit,bear,42125.0,空單出場：價格 42125.0，進場價 42112.0，持有至 2026-05-07 23:53:02，出場原因：停損，TT短線=42166.1104051257，TT長線=42171.3659927301，MXF訊號=bear，MXF趨勢=death,bear,death,-495,-644,-543,0.0937866082
2026-05-07 23:55:03,enter,bear,42123.0,空單進場：價格 42123.0，前一根收盤 42125.0，TT短線=42164.4198010031，TT長線=42170.4082502998，MXF訊號=bear，MXF趨勢=death,bear,death,-471,-623,-545,0.088326427
2026-05-07 23:56:01,exit,bear,42093.0,空單出場：價格 42093.0，進場價 42123.0，持有至 2026-05-07 23:55:03，出場原因：停利，TT短線=42161.6190244932，TT長線=42168.8754136602，MXF訊號=bear，MXF趨勢=death,bear,death,-752,-1007,-565,0.0078333336
2026-05-07 23:57:01,enter,bear,42066.0,空單進場：價格 42066.0，前一根收盤 42093.0，TT短線=42157.8692588268，TT長線=42166.838276756，MXF訊號=bear，MXF趨勢=death,bear,death,-662,-969,-586,-0.0639705931
2026-05-07 23:58:02,exit,bear,42047.0,空單出場：價格 42047.0，進場價 42066.0，持有至 2026-05-07 23:57:01，出場原因：停利，TT短線=42153.5214447551，TT長線=42164.4652415727，MXF訊號=bear，MXF趨勢=death,bear,death,-634,-869,-600,-0.1138475889
2026-05-07 23:59:01,enter,bear,42042.0,空單進場：價格 42042.0，前一根收盤 42047.0，TT短線=42149.1480547647，TT長線=42162.0401872842，MXF訊號=bear，MXF趨勢=death,bear,death,-711,-1238,-630,-0.1257873049
2026-05-08 00:00:10,exit,bear,42032.0,空單出場：價格 42032.0，進場價 42042.0，持有至 2026-05-07 23:59:02，出場原因：停利，TT短線=42144.5540134014，TT長線=42159.4651340706，MXF訊號=bear，MXF趨勢=death,bear,death,-711,-1238,-630,-0.1508562356
2026-05-08 00:02:01,enter,bear,42001.0,空單進場：價格 42001.0，前一根收盤 42036.0，TT短線=42134.8343660811，TT長線=42153.9307694369，MXF訊號=bear，MXF趨勢=death,bear,death,-711,-1238,-630,-0.2287182016
2026-05-08 00:03:02,exit,bear,42033.0,空單出場：價格 42033.0，進場價 42001.0，持有至 2026-05-08 00:02:02，出場原因：停損，TT短線=42130.8408615289，TT長線=42151.5361007352，MXF訊號=bear，MXF趨勢=death,bear,death,-711,-1238,-630,-0.1416086338
2026-05-08 00:05:04,enter,bear,41999.0,空單進場：價格 41999.0，前一根收盤 42034.0，TT短線=42122.0218794813，TT長線=42146.2342244197，MXF訊號=bear，MXF趨勢=death,bear,death,-711,-1238,-630,-0.2267691513
2026-05-08 00:07:01,exit,bear,41962.0,空單出場：價格 41962.0，進場價 41999.0，持有至 2026-05-08 00:05:05，出場原因：停利，TT短線=42111.3373827891，TT長線=42139.8446851816，MXF訊號=bear，MXF趨勢=death,bear,death,-711,-1238,-630,-0.316884501
2026-05-08 00:08:01,enter,bear,41957.0,空單進場：價格 41957.0，前一根收盤 41962.0，TT短線=42105.2849364052，TT長線=42136.2239983464，MXF訊號=bear，MXF趨勢=death,bear,death,-711,-1238,-630,-0.3252780212
2026-05-08 00:09:01,exit,bear,41980.0,空單出場：價格 41980.0，進場價 41957.0，持有至 2026-05-08 00:08:01，出場原因：停損，TT短線=42100.3718016443，TT長線=42133.1304538246，MXF訊號=bear，MXF趨勢=death,bear,death,-711,-1238,-630,-0.2616383208
2026-05-08 00:11:03,enter,bear,41990.0,空單進場：價格 41990.0，前一根收盤 42013.0，TT短線=42092.7515170119，TT長線=42127.9644719082，MXF訊號=bear，MXF趨勢=death,bear,death,-711,-1238,-630,-0.2295338912
2026-05-08 00:12:02,exit,bear,41970.0,空單出場：價格 41970.0，進場價 41990.0，持有至 2026-05-08 00:11:03，出場原因：停利，TT短線=42087.937732031，TT長線=42124.8364625635，MXF訊號=bear，MXF趨勢=death,bear,death,-711,-1238,-630,-0.2770753214
2026-05-08 00:13:01,enter,bear,41934.0,空單進場：價格 41934.0，前一根收盤 41970.0，TT短線=42081.9009582259，TT長線=42121.0575227107，MXF訊號=bear，MXF趨勢=death,bear,death,-711,-1238,-630,-0.3637265528
2026-05-08 00:14:01,exit,bear,41962.0,空單出場：價格 41962.0，進場價 41934.0，持有至 2026-05-08 00:13:02，出場原因：停損，TT短線=42077.1989598641，TT長線=42117.9078687957，MXF訊號=bear，MXF趨勢=death,bear,death,-711,-1238,-630,-0.2880679621
2026-05-08 00:15:02,enter,bear,41960.0,空單進場：價格 41960.0，前一根收盤 41962.0，TT短線=42072.6029222223，TT長線=42114.7809803047，MXF訊號=bear，MXF趨勢=death,bear,death,-711,-1238,-630,-0.2888411802
2026-05-08 00:16:02,exit,bear,41908.0,空單出場：價格 41908.0，進場價 41960.0，持有至 2026-05-08 00:15:02，出場原因：停利，TT短線=42066.1479056646，TT長線=42110.6863074273，MXF訊號=bear，MXF趨勢=death,bear,death,-711,-1238,-630,-0.4133509261
2026-05-08 00:17:01,enter,bear,41898.0,空單進場：價格 41898.0，前一根收盤 41908.0，TT短線=42059.5538701483，TT長線=42106.4746973793，MXF訊號=bear，MXF趨勢=death,bear,death,-711,-1238,-630,-0.4312439086
2026-05-08 00:18:01,exit,bear,41927.0,空單出場：價格 41927.0，進場價 41898.0，持有至 2026-05-08 00:17:01，出場原因：停損，TT短線=42054.3556791621，TT長線=42102.9207429757，MXF訊號=bear，MXF趨勢=death,bear,death,-711,-1238,-630,-0.3534353233
2026-05-08 00:19:02,enter,bear,41898.0,空單進場：價格 41898.0，前一根收盤 41927.0，TT短線=42048.2240839009，TT長線=42098.8629064812，MXF訊號=bear，MXF趨勢=death,bear,death,-711,-1238,-630,-0.4184262227
2026-05-08 00:22:01,exit,bear,41886.0,空單出場：價格 41886.0，進場價 41898.0，持有至 2026-05-08 00:19:02，出場原因：停利，TT短線=42030.6510561312，TT長線=42086.8693297355，MXF訊號=bear，MXF趨勢=death,bear,death,-711,-1238,-630,-0.4267044241
2026-05-08 00:27:03,enter,bear,41954.0,空單進場：價格 41954.0，前一根收盤 41959.0，TT短線=42013.1959881416，TT長線=42072.3010965627，MXF訊號=bear，MXF趨勢=death,bear,death,-711,-1238,-630,-0.240173783
2026-05-08 00:28:02,exit,bear,41964.0,空單出場：價格 41964.0，進場價 41954.0，持有至 2026-05-08 00:27:03，出場原因：停損，TT短線=42011.2667337047，TT長線=42070.1565203932，MXF訊號=bear，MXF趨勢=death,bear,death,-711,-1238,-630,-0.2131697137
2026-05-08 00:30:07,enter,bear,41953.0,空單進場：價格 41953.0，前一根收盤 41971.0，TT短線=42007.464601163，TT長線=42065.911974941，MXF訊號=bear，MXF趨勢=death,bear,death,-711,-1238,-630,-0.2318937676
2026-05-08 00:33:01,exit,bear,41992.0,空單出場：價格 41992.0，進場價 41953.0，持有至 2026-05-08 00:30:07，出場原因：停損，TT短線=42002.9518726751，TT長線=42060.167940605，MXF訊號=bear，MXF趨勢=death,bear,death,-711,-1238,-630,-0.1325796658
2026-05-08 00:36:02,enter,bear,41987.0,空單進場：價格 41987.0，前一根收盤 41996.0，TT短線=42001.7041173331，TT長線=42056.1956754396，MXF訊號=bear，MXF趨勢=death,bear,death,-711,-1238,-630,-0.136908748
2026-05-08 00:37:01,exit,bear,41967.0,空單出場：價格 41967.0，進場價 41987.0，持有至 2026-05-08 00:36:03，出場原因：停利，TT短線=42000.3431715554，TT長線=42054.4294244408，MXF訊號=bear，MXF趨勢=death,bear,death,-711,-1238,-630,-0.1794492493
2026-05-08 00:39:01,enter,bear,41938.0,空單進場：價格 41938.0，前一根收盤 41971.0，TT短線=41996.792754673，TT長線=42050.5045376869，MXF訊號=bear，MXF趨勢=death,bear,death,-711,-1238,-630,-0.2382873605
2026-05-08 00:41:01,exit,bear,41948.0,空單出場：價格 41948.0，進場價 41938.0，持有至 2026-05-08 00:39:02，出場原因：停損，TT短線=41992.3627081776，TT長線=42046.1357684413，MXF訊號=bear，MXF趨勢=death,bear,death,-711,-1238,-630,-0.2085850286
2026-05-08 00:43:02,enter,bear,41948.0,空單進場：價格 41948.0，前一根收盤 41956.0，TT短線=41989.2529266952，TT長線=42042.4429630912，MXF訊號=bear，MXF趨勢=death,bear,death,-711,-1238,-630,-0.2022206105
2026-05-08 00:44:02,exit,bear,41921.0,空單出場：價格 41921.0，進場價 41948.0，持有至 2026-05-08 00:43:02，出場原因：停利，TT短線=41986.5763413346，TT長線=42040.0381519409，MXF訊號=bear，MXF趨勢=death,bear,death,-711,-1238,-630,-0.2579326872
2026-05-08 00:47:01,enter,bear,41932.0,空單進場：價格 41932.0，前一根收盤 41952.0，TT短線=41981.483456451，TT長線=42034.3057230752，MXF訊號=bear，MXF趨勢=death,bear,death,-711,-1238,-630,-0.2234211152
2026-05-08 00:49:01,exit,bear,41944.0,空單出場：價格 41944.0，進場價 41932.0，持有至 2026-05-08 00:47:01，出場原因：停損，TT短線=41978.48818875，TT長線=42030.7064397471，MXF訊號=bear，MXF趨勢=death,bear,death,-711,-1238,-630,-0.1908517654
2026-05-08 00:51:03,enter,bear,41943.0,空單進場：價格 41943.0，前一根收盤 41948.0，TT短線=41975.9477667008，TT長線=42027.3643580003，MXF訊號=bear，MXF趨勢=death,bear,death,-711,-1238,-630,-0.1867975606
2026-05-08 00:52:02,exit,bear,41922.0,空單出場：價格 41922.0，進場價 41943.0，持有至 2026-05-08 00:51:03，出場原因：停利，TT短線=41973.8321680067，TT長線=42025.2779350696，MXF訊號=bear，MXF趨勢=death,bear,death,-711,-1238,-630,-0.2280874403
2026-05-08 00:56:02,enter,bear,41959.0,空單進場：價格 41959.0，前一根收盤 41963.0，TT短線=41971.3069113478，TT長線=42019.9997690657，MXF訊號=bear，MXF趨勢=death,bear,death,-711,-1238,-630,-0.1379789261
2026-05-08 00:57:02,exit,bear,41942.0,空單出場：價格 41942.0，進場價 41959.0，持有至 2026-05-08 00:56:02，出場原因：停利，TT短線=41970.1576207067，TT長線=42018.4552191832，MXF訊號=bear，MXF趨勢=death,bear,death,-711,-1238,-630,-0.1707061337
2026-05-08 00:58:02,enter,bear,41916.0,空單進場：價格 41916.0，前一根收盤 41942.0，TT短線=41968.0337924437，TT長線=42016.4264029618，MXF訊號=bear，MXF趨勢=death,bear,death,-711,-1238,-630,-0.2214881928
2026-05-08 00:59:01,exit,bear,41940.0,空單出場：價格 41940.0，進場價 41916.0，持有至 2026-05-08 00:58:03，出場原因：停損，TT短線=41966.9344280341，TT長線=42014.9130088437，MXF訊號=bear，MXF趨勢=death,bear,death,-711,-1238,-630,-0.1683090976
2026-05-08 01:02:01,enter,bear,41931.0,空單進場：價格 41931.0，前一根收盤 41951.0，TT短線=41964.0584279334，TT長線=42010.642640906，MXF訊號=bear，MXF趨勢=death,bear,death,-711,-1238,-630,-0.1784407905
2026-05-08 01:03:01,exit,bear,41944.0,空單出場：價格 41944.0，進場價 41931.0，持有至 2026-05-08 01:02:01，出場原因：停損，TT短線=41963.2718229164，TT長線=42009.3229846504，MXF訊號=bear，MXF趨勢=death,bear,death,-711,-1238,-630,-0.148924276
2026-05-08 01:05:02,enter,bear,41927.0,空單進場：價格 41927.0，前一根收盤 41943.0，TT短線=41961.0856004699，TT長線=42006.4055065737，MXF訊號=bear，MXF趨勢=death,bear,death,-711,-1238,-630,-0.1778710506
2026-05-08 01:07:02,exit,bear,41939.0,空單出場：價格 41939.0，進場價 41927.0，持有至 2026-05-08 01:05:03，出場原因：停損，TT短線=41959.1612943976，TT長線=42003.645953331，MXF訊號=bear，MXF趨勢=death,bear,death,-711,-1238,-630,-0.147627394
2026-05-08 01:08:01,enter,bear,41935.0,空單進場：價格 41935.0，前一根收盤 41939.0，TT短線=41958.2137926565，TT長線=42002.2866275224，MXF訊號=bear，MXF趨勢=death,bear,death,-711,-1238,-630,-0.1527786203
2026-05-08 01:09:01,exit,bear,41950.0,空單出場：價格 41950.0，進場價 41935.0，持有至 2026-05-08 01:08:01，出場原因：停損，TT短線=41957.8916831406，TT長線=42001.2512487596，MXF訊號=bear，MXF趨勢=death,bear,death,-711,-1238,-630,-0.1199448513
2026-05-08 01:10:03,enter,bear,41925.0,空單進場：價格 41925.0，前一根收盤 41950.0，TT短線=41956.6018132135，TT長線=41999.7413230416，MXF訊號=bear，MXF趨勢=death,bear,death,-711,-1238,-630,-0.167103208
2026-05-08 01:11:02,exit,bear,41896.0,空單出場：價格 41896.0，進場價 41925.0，持有至 2026-05-08 01:10:04，出場原因：停利，TT短線=41954.2252715189，TT長線=41997.687039417，MXF訊號=bear，MXF趨勢=death,bear,death,-711,-1238,-630,-0.2213729689
2026-05-08 01:13:03,enter,bear,41893.0,空單進場：價格 41893.0，前一根收盤 41901.0，TT短線=41949.8188684801，TT長線=41993.7373466647，MXF訊號=bear，MXF趨勢=death,bear,death,-711,-1238,-630,-0.2198233632
2026-05-08 01:14:01,exit,bear,41920.0,空單出場：價格 41920.0，進場價 41893.0，持有至 2026-05-08 01:13:03，出場原因：停損，TT短線=41948.6495010887，TT長線=41992.2772011862，MXF訊號=bear，MXF趨勢=death,bear,death,-711,-1238,-630,-0.1632723447
2026-05-08 01:15:06,enter,bear,41915.0,空單進場：價格 41915.0，前一根收盤 41920.0，TT短線=41947.3299128108，TT長線=41990.7469595785，MXF訊號=bear，MXF趨勢=death,bear,death,-711,-1238,-630,-0.169909077
2026-05-08 01:16:03,exit,bear,41903.0,空單出場：價格 41903.0，進場價 41915.0，持有至 2026-05-08 01:15:07，出場原因：停利，TT短線=41945.5914848574，TT長線=41989.0093960225，MXF訊號=bear，MXF趨勢=death,bear,death,-711,-1238,-630,-0.1899941949
2026-05-08 01:18:01,enter,bear,41890.0,空單進場：價格 41890.0，前一根收盤 41902.0，TT短線=41941.7689946723，TT長線=41985.3599735728，MXF訊號=bear，MXF趨勢=death,bear,death,-711,-1238,-630,-0.208138171
2026-05-08 01:19:01,exit,bear,41867.0,空單出場：價格 41867.0，進場價 41890.0，持有至 2026-05-08 01:18:01，出場原因：停利，TT短線=41938.8368772341，TT長線=41983.0162117199，MXF訊號=bear，MXF趨勢=death,bear,death,-711,-1238,-630,-0.2484360389
2026-05-08 01:20:01,enter,bear,41863.0,空單進場：價格 41863.0，前一根收盤 41867.0，TT短線=41935.8628820485，TT長線=41980.639653072，MXF訊號=bear，MXF趨勢=death,bear,death,-711,-1238,-630,-0.2517834909
2026-05-08 01:23:01,exit,bear,41890.0,空單出場：價格 41890.0，進場價 41863.0，持有至 2026-05-08 01:20:02，出場原因：停損，TT短線=41928.3902888793，TT長線=41974.1706964626，MXF訊號=bear，MXF趨勢=death,bear,death,-711,-1238,-630,-0.1881472147
2026-05-08 01:26:04,enter,bear,41865.0,空單進場：價格 41865.0，前一根收盤 41926.0，TT短線=41925.0038001701，TT長線=41969.7769317966，MXF訊號=bear，MXF趨勢=death,bear,death,-711,-1238,-630,-0.2252480564
2026-05-08 01:27:01,exit,bear,41793.0,空單出場：價格 41793.0，進場價 41865.0，持有至 2026-05-08 01:26:04，出場原因：停利，TT短線=41919.8271805555，TT長線=41966.2763984937，MXF訊號=bear，MXF趨勢=death,bear,death,-711,-1238,-630,-0.3541058753
2026-05-08 01:30:05,enter,bear,41807.0,空單進場：價格 41807.0，前一根收盤 41835.0，TT短線=41908.4117116733，TT長線=41957.6962433134，MXF訊號=bear，MXF趨勢=death,bear,death,-711,-1238,-630,-0.3123406773
2026-05-08 01:31:02,exit,bear,41826.0,空單出場：價格 41826.0，進場價 41807.0，持有至 2026-05-08 01:30:06，出場原因：停損，TT短線=41905.179879843，TT長線=41955.0883969111，MXF訊號=bear，MXF趨勢=death,bear,death,-711,-1238,-630,-0.2727504824
2026-05-08 01:34:03,enter,bear,41826.0,空單進場：價格 41826.0，前一根收盤 41856.0，TT短線=41897.6450662539，TT長線=41948.3051306701，MXF訊號=bear，MXF趨勢=death,bear,death,-711,-1238,-630,-0.2597196951
2026-05-08 01:35:02,exit,bear,41869.0,空單出場：價格 41869.0，進場價 41826.0，持有至 2026-05-08 01:34:03，出場原因：停損，TT短線=41896.5217303224，TT長線=41946.7347320429，MXF訊號=bear，MXF趨勢=death,bear,death,-711,-1238,-630,-0.1789098574
2026-05-08 01:53:01,enter,bear,41877.0,空單進場：價格 41877.0，前一根收盤 41898.0，TT短線=41901.9460376544，TT長線=41934.8670916466，MXF訊號=bear，MXF趨勢=death,bear,death,-711,-1238,-630,-0.1194200885
2026-05-08 01:55:02,exit,bear,41902.0,空單出場：價格 41902.0，進場價 41877.0，持有至 2026-05-08 01:53:01，出場原因：停損，TT短線=41901.1212750512，TT長線=41933.1512954836，MXF訊號=bear，MXF趨勢=death,bear,death,-711,-1238,-630,-0.0720902051
2026-05-08 02:25:04,enter,bear,41924.0,空單進場：價格 41924.0，前一根收盤 41935.0，TT短線=41940.7209006493，TT長線=41944.9043355036，MXF訊號=bear，MXF趨勢=death,bear,death,-711,-1238,-630,-0.0032558083
2026-05-08 02:26:02,exit,bear,41908.0,空單出場：價格 41908.0，進場價 41924.0，持有至 2026-05-08 02:25:05，出場原因：停利，TT短線=41939.4377280748，TT長線=41944.1735565828，MXF訊號=bear，MXF趨勢=death,bear,death,-711,-1238,-630,-0.0278833165
2026-05-08 02:28:04,enter,bear,41914.0,空單進場：價格 41914.0，前一根收盤 41915.0，TT短線=41937.5194098837，TT長線=41943.009805712，MXF訊號=bear，MXF趨勢=death,bear,death,-711,-1238,-630,-0.0154335775
2026-05-08 02:32:02,exit,bear,41927.0,空單出場：價格 41927.0，進場價 41914.0，持有至 2026-05-08 02:28:05，出場原因：停損，TT短線=41934.9237566803，TT長線=41941.2297409634，MXF訊號=bear，MXF趨勢=death,bear,death,-711,-1238,-630,0.0110353119
2026-05-08 02:35:01,enter,bear,41922.0,空單進場：價格 41922.0，前一根收盤 41934.0，TT短線=41934.2400965668，TT長線=41940.5139997215，MXF訊號=bear，MXF趨勢=death,bear,death,-711,-1238,-630,0.0074332264
2026-05-08 02:38:01,exit,bear,41887.0,空單出場：價格 41887.0，進場價 41922.0，持有至 2026-05-08 02:35:01，出場原因：停利，TT短線=41931.3687580266，TT長線=41938.6841101928，MXF訊號=bear，MXF趨勢=death,bear,death,-711,-1238,-630,-0.043193984
2026-05-08 02:41:02,enter,bear,41914.0,空單進場：價格 41914.0，前一根收盤 41920.0，TT短線=41928.9427219777，TT長線=41937.0015475438，MXF訊號=bear，MXF趨勢=death,bear,death,-711,-1238,-630,0.0039826092
2026-05-08 02:42:04,exit,bear,41903.0,空單出場：價格 41903.0，進場價 41914.0，持有至 2026-05-08 02:41:03，出場原因：停利，TT短線=41927.9253603316，TT長線=41936.3282495727，MXF訊號=bear，MXF趨勢=death,bear,death,-711,-1238,-630,-0.0118593532
2026-05-08 02:44:01,enter,bear,41916.0,空單進場：價格 41916.0，前一根收盤 41927.0，TT短線=41927.4228335856，TT長線=41935.7446499423，MXF訊號=bear，MXF趨勢=death,bear,death,-711,-1238,-630,0.0108822598
2026-05-08 02:45:02,exit,bear,41883.0,空單出場：價格 41883.0，進場價 41916.0，持有至 2026-05-08 02:44:01，出場原因：停利，TT短線=41925.6807616802，TT長線=41934.7002014286，MXF訊號=bear，MXF趨勢=death,bear,death,-711,-1238,-630,-0.0390439057
2026-05-08 02:48:01,enter,bear,41892.0,空單進場：價格 41892.0，前一根收盤 41917.0，TT短線=41923.7548298235，TT長線=41933.1933646051，MXF訊號=bear，MXF趨勢=death,bear,death,-711,-1238,-630,-0.0210658454
2026-05-08 02:49:01,exit,bear,41876.0,空單出場：價格 41876.0，進場價 41892.0，持有至 2026-05-08 02:48:01，出場原因：停利，TT短線=41921.8820913991，TT長線=41932.0608227317，MXF訊號=bear，MXF趨勢=death,bear,death,-711,-1238,-630,-0.0443534738
2026-05-08 02:50:02,enter,bear,41872.0,空單進場：價格 41872.0，前一根收盤 41876.0，TT短線=41919.925930952，TT長線=41930.8714995093，MXF訊號=bear，MXF趨勢=death,bear,death,-711,-1238,-630,-0.0489192394
2026-05-08 02:51:02,exit,bear,41862.0,空單出場：價格 41862.0，進場價 41872.0，持有至 2026-05-08 02:50:03，出場原因：停利，TT短線=41917.6543258167，TT長線=41929.5077074398，MXF訊號=bear，MXF趨勢=death,bear,death,-711,-1238,-630,-0.0625752655
2026-05-08 02:53:02,enter,bear,41881.0,空單進場：價格 41881.0，前一根收盤 41883.0，TT短線=41914.9112019553，TT長線=41927.6444506046，MXF訊號=bear，MXF趨勢=death,bear,death,-711,-1238,-630,-0.0297702944
2026-05-08 02:56:02,exit,bear,41912.0,空單出場：價格 41912.0，進場價 41881.0，持有至 2026-05-08 02:53:02，出場原因：停損，TT短線=41911.9600304471，TT長線=41925.3690958052，MXF訊號=bear，MXF趨勢=death,bear,death,-711,-1238,-630,0.0227445819
2026-05-08 03:23:02,enter,bear,41915.0,空單進場：價格 41915.0，前一根收盤 41922.0，TT短線=41933.0906157316，TT長線=41933.2186741649，MXF訊號=bear，MXF趨勢=death,bear,death,-711,-1238,-630,0.0574764221
2026-05-08 03:24:03,exit,bear,41904.0,空單出場：價格 41904.0，進場價 41915.0，持有至 2026-05-08 03:23:03，出場原因：停利，TT短線=41931.9498072715，TT長線=41932.6400865577，MXF訊號=bear，MXF趨勢=death,bear,death,-711,-1238,-630,0.0424908904
2026-05-08 03:25:02,enter,bear,41888.0,空單進場：價格 41888.0，前一根收盤 41904.0，TT短線=41930.2262854177，TT長線=41931.7561244476，MXF訊號=bear，MXF趨勢=death,bear,death,-711,-1238,-630,0.020259554
2026-05-08 03:27:01,exit,bear,41901.0,空單出場：價格 41901.0，進場價 41888.0，持有至 2026-05-08 03:25:03，出場原因：停損，TT短線=41927.3007732749，TT長線=41930.200742644，MXF訊號=bear，MXF趨勢=death,bear,death,-711,-1238,-630,0.0423152682
2026-05-08 03:29:05,enter,bear,41910.0,空單進場：價格 41910.0，前一根收盤 41917.0，TT短線=41926.2342009354，TT長線=41929.5445033481，MXF訊號=bear，MXF趨勢=death,bear,death,-711,-1238,-630,0.058059801
2026-05-08 03:30:06,exit,bear,41920.0,空單出場：價格 41920.0，進場價 41910.0，持有至 2026-05-08 03:29:05，出場原因：停損，TT短線=41925.9897224673，TT長線=41929.3555032818，MXF訊號=bear，MXF趨勢=death,bear,death,-711,-1238,-630,0.0739064377
2026-05-08 03:57:01,enter,bear,41921.0,空單進場：價格 41921.0，前一根收盤 41931.0，TT短線=41952.7197296456，TT長線=41944.9313324364，MXF訊號=bear，MXF趨勢=death,bear,death,-711,-1238,-630,0.0977578829
2026-05-08 03:58:02,exit,bear,41937.0,空單出場：價格 41937.0，進場價 41921.0，持有至 2026-05-08 03:57:02，出場原因：停損，TT短線=41952.1032696595，TT長線=41944.7742763486，MXF訊號=bear，MXF趨勢=death,bear,death,-711,-1238,-630,0.1217911277
2026-05-08 04:00:02,enter,bear,41925.0,空單進場：價格 41925.0，前一根收盤 41941.0，TT短線=41950.6220493858，TT長線=41944.3094483376，MXF訊號=bear，MXF趨勢=death,bear,death,-711,-1238,-630,0.1064053748
2026-05-08 04:01:19,exit,bear,41941.0,空單出場：價格 41941.0，進場價 41925.0，持有至 2026-05-08 04:00:02，出場原因：停損，TT短線=41950.2447141158，TT長線=41944.2439147072，MXF訊號=bear，MXF趨勢=death,bear,death,-711,-1238,-630,0.1303358383
2026-05-08 04:40:05,enter,bear,41940.0,空單進場：價格 41940.0，前一根收盤 41960.0，TT短線=41982.0908648674，TT長線=41969.942512346，MXF訊號=bear，MXF趨勢=death,bear,death,-711,-1238,-630,0.1531985339
2026-05-08 04:43:02,exit,bear,41955.0,空單出場：價格 41955.0，進場價 41940.0，持有至 2026-05-08 04:40:06，出場原因：停損，TT短線=41978.3289093998，TT長線=41968.7081248943，MXF訊號=bear，MXF趨勢=death,bear,death,-711,-1238,-630,0.1766994751
2026-05-08 04:44:09,enter,bear,41948.0,空單進場：價格 41948.0，前一根收盤 41955.0，TT短線=41977.1395404037，TT長線=41968.2980630152，MXF訊號=bear，MXF趨勢=death,bear,death,-711,-1238,-630,0.1675486263
2026-05-08 04:50:01,exit,bear,41965.0,空單出場：價格 41965.0，進場價 41948.0，持有至 2026-05-08 04:44:09，出場原因：停損，TT短線=41971.9276910454，TT長線=41966.5329487432，MXF訊號=bear，MXF趨勢=death,bear,death,-711,-1238,-630,0.1958335806
2026-05-08 04:57:01,enter,bear,41956.0,空單進場：價格 41956.0，前一根收盤 41961.0，TT短線=41970.5540334574，TT長線=41966.5391094991，MXF訊號=bear，MXF趨勢=death,bear,death,-711,-1238,-630,0.1876077234
2026-05-08 04:58:00,exit,bear,41945.0,空單出場：價格 41945.0，進場價 41956.0，持有至 2026-05-08 04:57:07，出場原因：停利，TT短線=41969.5519144983，TT長線=41966.1125924793，MXF訊號=bear，MXF趨勢=death,bear,death,-711,-1238,-630,0.1728205927
2026-05-08 10:08:01,enter,bear,41969.0,空單進場：價格 41969.0，前一根收盤 42034.0，TT短線=42175.3377583738，TT長線=42148.0919668715，MXF訊號=bear，MXF趨勢=death,bear,death,-229,-553,649,0.2162844319
2026-05-08 10:09:00,exit,bear,42006.0,空單出場：價格 42006.0，進場價 41969.0，持有至 2026-05-08 10:08:03，出場原因：停損，TT短線=42168.697061967，TT長線=42145.2782645573，MXF訊號=bear，MXF趨勢=death,bear,death,-186,-547,603,0.2708071307
2026-05-08 10:10:01,enter,bear,41999.0,空單進場：價格 41999.0，前一根收盤 42006.0，TT短線=42162.0422752232，TT長線=42142.3816652591，MXF訊號=bear，MXF趨勢=death,bear,death,-115,-597,549,0.2610790432
2026-05-08 10:11:01,exit,bear,41966.0,空單出場：價格 41966.0，進場價 41999.0，持有至 2026-05-08 10:10:01，出場原因：停利，TT短線=42154.3543428615，TT長線=42138.8889590163，MXF訊號=bear，MXF趨勢=death,bear,death,-128,-590,486,0.2134535937
2026-05-08 10:12:01,enter,bear,41960.0,空單進場：價格 41960.0，前一根收盤 41966.0，TT短線=42146.7326039258，TT長線=42135.3466033923，MXF訊號=bear，MXF趨勢=death,bear,death,-202,-779,421,0.2052966759
2026-05-08 10:13:00,exit,bear,41916.0,空單出場：價格 41916.0，進場價 41960.0，持有至 2026-05-08 10:12:01，出場原因：停利，TT短線=42137.6842665169，TT長線=42131.0031062954，MXF訊號=bear，MXF趨勢=death,bear,death,-42,-488,366,0.1417900006
2026-05-08 10:14:01,enter,bear,41903.0,空單進場：價格 41903.0，前一根收盤 41916.0，TT短線=42128.4809619476，TT長線=42126.4881932994，MXF訊號=bear，MXF趨勢=death,bear,death,-184,-892,286,0.1236462583
2026-05-08 10:15:01,exit,bear,41932.0,空單出場：價格 41932.0，進場價 41903.0，持有至 2026-05-08 10:14:01，出場原因：停損，TT短線=42120.775826185，TT長線=42122.636941947，MXF訊號=bear，MXF趨勢=death,bear,death,-241,-903,208,0.1666987164
2026-05-08 10:18:01,enter,bear,41797.0,空單進場：價格 41797.0，前一根收盤 41828.0，TT短線=42086.8834247374，TT長線=42105.0925119302，MXF訊號=bear，MXF趨勢=death,bear,death,-341,-1187,-96,-0.0258968983
2026-05-08 10:19:00,exit,bear,41775.0,空單出場：價格 41775.0，進場價 41797.0，持有至 2026-05-08 10:18:01，出場原因：停利，TT短線=42074.6527021987，TT長線=42098.5560265455，MXF訊號=bear，MXF趨勢=death,bear,death,-370,-1194,-200,-0.0559200281
2026-05-08 10:20:00,enter,bear,41726.0,空單進場：價格 41726.0，前一根收盤 41775.0，TT短線=42060.9800472105，TT長線=42091.1786794852，MXF訊號=bear，MXF趨勢=death,bear,death,-450,-1196,-295,-0.124383608
2026-05-08 10:21:00,exit,bear,41740.0,空單出場：價格 41740.0，進場價 41726.0，持有至 2026-05-08 10:20:01，出場原因：停損，TT短線=42048.3925943787，TT長線=42084.224646228，MXF訊號=bear，MXF趨勢=death,bear,death,-735,-1697,-405,-0.1016781677
2026-05-08 10:22:00,enter,bear,41647.0,空單進場：價格 41647.0，前一根收盤 41740.0，TT短線=42032.6517083246，TT長線=42075.5667324413，MXF訊號=bear，MXF趨勢=death,bear,death,-661,-1728,-607,-0.2319349254
2026-05-08 10:23:00,exit,bear,41550.0,空單出場：價格 41550.0，進場價 41647.0，持有至 2026-05-08 10:22:00，出場原因：停利，TT短線=42013.7241903511，TT長線=42065.1594704128，MXF訊號=bear，MXF趨勢=death,bear,death,-732,-1784,-716,-0.3651162847
2026-05-08 10:27:01,enter,bear,41747.0,空單進場：價格 41747.0，前一根收盤 41782.0，TT短線=41971.5709407984，TT長線=42039.214643265，MXF訊號=bear，MXF趨勢=death,bear,death,-35,-1238,-1117,-0.073668137
2026-05-08 10:28:00,exit,bear,41724.0,空單出場：價格 41724.0，進場價 41747.0，持有至 2026-05-08 10:27:03，出場原因：停利，TT短線=41961.8622764534，TT長線=42032.9727691409，MXF訊號=bear，MXF趨勢=death,bear,death,-115,-1387,-1171,-0.1036838778
2026-05-08 10:29:00,enter,bear,41689.0,空單進場：價格 41689.0，前一根收盤 41724.0，TT短線=41951.1617950238，TT長線=42026.1614271777，MXF訊號=bear，MXF趨勢=death,bear,death,-486,-1403,-1208,-0.15005222
2026-05-08 10:32:01,exit,bear,41709.0,空單出場：價格 41709.0，進場價 41689.0，持有至 2026-05-08 10:29:06，出場原因：停損，TT短線=41921.8569330254，TT長線=42006.69223521，MXF訊號=bear，MXF趨勢=death,bear,death,-483,-1319,-1312,-0.1138342989
2026-05-08 11:50:00,enter,bear,41881.0,空單進場：價格 41881.0，前一根收盤 41894.0，TT短線=41938.3152978216，TT長線=41949.6032589955，MXF訊號=bear，MXF趨勢=death,bear,death,-23,-390,-87,0.1622364672
2026-05-08 11:51:00,exit,bear,41858.0,空單出場：價格 41858.0，進場價 41881.0，持有至 2026-05-08 11:50:13，出場原因：停利，TT短線=41935.1656782991，TT長線=41947.7893330748，MXF訊號=bear，MXF趨勢=death,bear,death,-116,-454,-91,0.1285947877
2026-05-08 11:54:01,enter,bear,41894.0,空單進場：價格 41894.0，前一根收盤 41908.0，TT短線=41930.6755839475，TT長線=41944.7382678393，MXF訊號=bear，MXF趨勢=death,bear,death,-52,-315,-83,0.1834950991
2026-05-08 11:56:02,exit,bear,41916.0,空單出場：價格 41916.0，進場價 41894.0，持有至 2026-05-08 11:54:02，出場原因：停損，TT短線=41929.0573152856，TT長線=41943.359059219，MXF訊號=bear，MXF趨勢=death,bear,death,-60,-275,-115,0.2173103267
2026-05-08 11:57:01,enter,bear,41912.0,空單進場：價格 41912.0，前一根收盤 41916.0，TT短線=41928.3884009607，TT長線=41942.7380877493，MXF訊號=bear，MXF趨勢=death,bear,death,-5,-188,-134,0.211837984
2026-05-08 11:58:02,exit,bear,41937.0,空單出場：價格 41937.0，進場價 41912.0，持有至 2026-05-08 11:57:01，出場原因：停損，TT短線=41928.7261107269，TT長線=41942.6244622494，MXF訊號=bear，MXF趨勢=death,bear,death,-68,-272,-158,0.2497156936
2026-05-08 12:08:01,enter,bear,41897.0,空單進場：價格 41897.0，前一根收盤 41900.0，TT短線=41926.3020460702，TT長線=41938.9727577117，MXF訊號=bear，MXF趨勢=death,bear,death,-213,-356,-252,0.1942237094
2026-05-08 12:09:02,exit,bear,41930.0,空單出場：價格 41930.0，進場價 41897.0，持有至 2026-05-08 12:08:04，出場原因：停損，TT短線=41926.4470638714，TT長線=41938.7950793411，MXF訊號=bear，MXF趨勢=gold,bear,gold,-131,-255,-269,0.244609216
2026-05-08 12:15:03,enter,bear,41908.0,空單進場：價格 41908.0，前一根收盤 41912.0，TT短線=41926.5773188744，TT長線=41937.5304303193，MXF訊號=bear，MXF趨勢=death,bear,death,-119,-281,-233,0.214131416
2026-05-08 12:16:00,exit,bear,41869.0,空單出場：價格 41869.0，進場價 41908.0，持有至 2026-05-08 12:15:03，出場原因：停利，TT短線=41924.3193848009，TT長線=41936.1733920951，MXF訊號=bear，MXF趨勢=death,bear,death,-204,-363,-238,0.1555113139
2026-05-08 12:35:04,enter,bear,41909.0,空單進場：價格 41909.0，前一根收盤 41910.0，TT短線=41930.6787363319，TT長線=41936.4332000353，MXF訊號=bear，MXF趨勢=death,bear,death,-191,-397,-332,0.2241893871
2026-05-08 12:37:01,exit,bear,41892.0,空單出場：價格 41892.0，進場價 41909.0，持有至 2026-05-08 12:35:04，出場原因：停利，TT短線=41928.1190488016，TT長線=41934.9044008966，MXF訊號=bear，MXF趨勢=death,bear,death,-348,-468,-347,0.1990001441
2026-05-08 12:39:01,enter,bear,41898.0,空單進場：價格 41898.0，前一根收盤 41902.0，TT短線=41925.9538009122，TT長線=41933.5349508075，MXF訊號=bear，MXF趨勢=death,bear,death,-303,-373,-355,0.2093503947
2026-05-08 12:41:02,exit,bear,41880.0,空單出場：價格 41880.0，進場價 41898.0，持有至 2026-05-08 12:39:02，出場原因：停利，TT短線=41922.9100638178，TT長線=41931.6880749794，MXF訊號=bear，MXF趨勢=death,bear,death,-376,-486,-348,0.182623728
2026-05-08 12:42:01,enter,bear,41865.0,空單進場：價格 41865.0，前一根收盤 41880.0，TT短線=41920.639080923，TT長線=41930.3675190392，MXF訊號=bear，MXF趨勢=death,bear,death,-477,-661,-377,0.1600361374
2026-05-08 12:43:01,exit,bear,41840.0,空單出場：價格 41840.0，進場價 41865.0，持有至 2026-05-08 12:42:02，出場原因：停利，TT短線=41917.4767640241，TT長線=41928.5780632166，MXF訊號=bear，MXF趨勢=death,bear,death,-477,-661,-377,0.1220462256
2026-05-08 12:44:01,enter,bear,41832.0,空單進場：價格 41832.0，前一根收盤 41840.0，TT短線=41914.1247340623，TT長線=41926.6656263213，MXF訊號=bear，MXF趨勢=death,bear,death,-344,-697,-400,0.110500122
2026-05-08 12:45:01,exit,bear,41821.0,空單出場：價格 41821.0，進場價 41832.0，持有至 2026-05-08 12:44:01，出場原因：停利，TT短線=41910.472783707，TT長線=41924.5732376812，MXF訊號=bear，MXF趨勢=death,bear,death,-419,-776,-425,0.0943361984
2026-05-08 12:48:00,enter,bear,41834.0,空單進場：價格 41834.0，前一根收盤 41854.0，TT短線=41903.0121486483，TT長線=41919.9149956652，MXF訊號=bear，MXF趨勢=death,bear,death,-310,-646,-478,0.1168154239
2026-05-08 12:50:01,exit,bear,41872.0,空單出場：價格 41872.0，進場價 41834.0，持有至 2026-05-08 12:48:01，出場原因：停損，TT短線=41899.4971814319，TT長線=41917.4538645735，MXF訊號=bear，MXF趨勢=death,bear,death,-372,-794,-504,0.1771801462
2026-05-08 12:51:05,enter,bear,41864.0,空單進場：價格 41864.0，前一根收盤 41872.0，TT短線=41898.1051351013，TT長線=41916.3953722057，MXF訊號=bear，MXF趨勢=death,bear,death,-307,-673,-516,0.1654721457
2026-05-08 12:53:00,exit,bear,41902.0,空單出場：價格 41902.0，進場價 41864.0，持有至 2026-05-08 12:51:07，出場原因：停損，TT短線=41897.2742904184，TT長線=41915.2486072923，MXF訊號=bear，MXF趨勢=death,bear,death,-301,-629,-545,0.2256597195
2026-05-08 15:09:01,enter,bear,41914.0,空單進場：價格 41914.0，前一根收盤 41920.0，TT短線=41936.2414849671，TT長線=41932.1157336871，MXF訊號=bear，MXF趨勢=death,bear,death,-405,-599,-172,0.2700384412
2026-05-08 15:11:01,exit,bear,41895.0,空單出場：價格 41895.0，進場價 41914.0，持有至 2026-05-08 15:09:24，出場原因：停利，TT短線=41934.0875837777，TT長線=41931.184423671，MXF訊號=bear，MXF趨勢=death,bear,death,-383,-439,-209,0.2405578066
2026-05-08 15:12:01,enter,bear,41873.0,空單進場：價格 41873.0，前一根收盤 41895.0，TT短線=41931.6919922571，TT長線=41930.0322568656，MXF訊號=bear，MXF趨勢=death,bear,death,-433,-650,-246,0.2058789531
2026-05-08 15:14:01,exit,bear,41898.0,空單出場：價格 41898.0，進場價 41873.0，持有至 2026-05-08 15:12:01，出場原因：停損，TT短線=41928.3477406417，TT長線=41928.3880158357，MXF訊號=bear，MXF趨勢=death,bear,death,-410,-699,-306,0.2470692721
2026-05-08 15:15:04,enter,bear,41869.0,空單進場：價格 41869.0，前一根收盤 41898.0，TT短線=41926.0203782636，TT長線=41927.2120155221，MXF訊號=bear，MXF趨勢=death,bear,death,-360,-545,-330,0.2011230676
2026-05-08 15:16:02,exit,bear,41853.0,空單出場：價格 41853.0，進場價 41869.0，持有至 2026-05-08 15:15:04，出場原因：停利，TT短線=41923.156834018，TT長線=41925.7424706603，MXF訊號=bear，MXF趨勢=death,bear,death,-389,-591,-358,0.1761138819
2026-05-08 15:17:01,enter,bear,41838.0,空單進場：價格 41838.0，前一根收盤 41853.0，TT短線=41919.817350331，TT長線=41924.0049959937，MXF訊號=bear，MXF趨勢=death,bear,death,-504,-712,-391,0.1527731201
2026-05-08 15:20:02,exit,bear,41824.0,空單出場：價格 41824.0，進場價 41838.0，持有至 2026-05-08 15:17:01，出場原因：停利，TT短線=41909.7197868776，TT長線=41918.5653237333，MXF訊號=bear，MXF趨勢=death,bear,death,-454,-568,-462,0.1326265193
2026-05-08 15:23:01,enter,bear,41817.0,空單進場：價格 41817.0，前一根收盤 41846.0，TT短線=41901.2314208438，TT長線=41913.688952115，MXF訊號=bear，MXF趨勢=death,bear,death,-304,-571,-527,0.1235499081
2026-05-08 15:27:01,exit,bear,41805.0,空單出場：價格 41805.0，進場價 41817.0，持有至 2026-05-08 15:23:02，出場原因：停利，TT短線=41888.3660899524，TT長線=41906.0523122746，MXF訊號=bear，MXF趨勢=gold,bear,gold,-354,-534,-569,0.1075099158
2026-05-08 15:52:00,enter,bear,41760.0,空單進場：價格 41760.0，前一根收盤 41783.0，TT短線=41842.4764686281，TT長線=41871.8244116776，MXF訊號=bear，MXF趨勢=death,bear,death,-639,-617,-445,0.0534031693
2026-05-08 15:55:01,exit,bear,41742.0,空單出場：價格 41742.0，進場價 41760.0，持有至 2026-05-08 15:52:01，出場原因：停利，TT短線=41832.2287661429，TT長線=41864.8422342853，MXF訊號=bear，MXF趨勢=death,bear,death,-697,-581,-488,0.0277871937
2026-05-08 15:58:01,enter,bear,41757.0,空單進場：價格 41757.0，前一根收盤 41759.0，TT短線=41823.796217955，TT長線=41858.60060806，MXF訊號=bear，MXF趨勢=death,bear,death,-650,-577,-529,0.0549698254
2026-05-08 16:01:02,exit,bear,41730.0,空單出場：價格 41730.0，進場價 41757.0，持有至 2026-05-08 15:58:01，出場原因：停利，TT短線=41815.1137137767，TT長線=41852.1117221084，MXF訊號=bear，MXF趨勢=gold,bear,gold,-602,-476,-546,0.0150589047
2026-05-08 16:03:01,enter,bear,41721.0,空單進場：價格 41721.0，前一根收盤 41724.0，TT短線=41807.9900141399，TT長線=41847.0288195651，MXF訊號=bear，MXF趨勢=death,bear,death,-644,-753,-590,0.0032490971
2026-05-08 16:05:01,exit,bear,41747.0,空單出場：價格 41747.0，進場價 41721.0，持有至 2026-05-08 16:03:07，出場原因：停損，TT短線=41802.5843998269，TT長線=41842.7377179255，MXF訊號=bear，MXF趨勢=death,bear,death,-604,-633,-596,0.0471092634
2026-05-08 17:49:01,enter,bear,41749.0,空單進場：價格 41749.0，前一根收盤 41767.0，TT短線=41820.3975537629，TT長線=41825.2316400392，MXF訊號=bear，MXF趨勢=death,bear,death,-509,-193,123,0.0979333194
2026-05-08 17:51:02,exit,bear,41737.0,空單出場：價格 41737.0，進場價 41749.0，持有至 2026-05-08 17:49:02，出場原因：停利，TT短線=41814.6630244462，TT長線=41822.1212924247，MXF訊號=bear，MXF趨勢=death,bear,death,-504,-110,78,0.0779373378
2026-05-08 17:53:01,enter,bear,41710.0,空單進場：價格 41710.0，前一根收盤 41747.0，TT短線=41808.0091971147，TT長線=41818.4429749098，MXF訊號=bear，MXF趨勢=death,bear,death,-649,-481,15,0.0320900028
2026-05-08 17:54:01,exit,bear,41676.0,空單出場：價格 41676.0，進場價 41710.0，持有至 2026-05-08 17:53:01，出場原因：停利，TT短線=41802.8323658553，TT長線=41815.6223219413，MXF訊號=bear，MXF趨勢=death,bear,death,-671,-515,-19,-0.0260953507
2026-05-08 17:56:01,enter,bear,41682.0,空單進場：價格 41682.0，前一根收盤 41692.0，TT短線=41793.9179201917，TT長線=41810.5768431866，MXF訊號=bear，MXF趨勢=death,bear,death,-604,-239,-57,-0.0137929348
2026-05-08 17:58:03,exit,bear,41694.0,空單出場：價格 41694.0，進場價 41682.0，持有至 2026-05-08 17:56:02，出場原因：停損，TT短線=41785.9711366322，TT長線=41805.869781401，MXF訊號=bear，MXF趨勢=death,bear,death,-621,-306,-100,0.0089893502
2026-05-08 18:03:02,enter,bear,41726.0,空單進場：價格 41726.0，前一根收盤 41729.0，TT短線=41774.2389288226，TT長線=41797.7959649863，MXF訊號=bear，MXF趨勢=death,bear,death,-546,-189,-157,0.0687160234
2026-05-08 18:05:03,exit,bear,41736.0,空單出場：價格 41736.0，進場價 41726.0，持有至 2026-05-08 18:03:02，出場原因：停損，TT短線=41771.2232480211，TT長線=41795.3340116489，MXF訊號=bear，MXF趨勢=death,bear,death,-598,-192,-177,0.0876707098
2026-05-08 18:09:01,enter,bear,41729.0,空單進場：價格 41729.0，前一根收盤 41731.0，TT短線=41765.2259303775，TT長線=41790.3651572391，MXF訊號=bear，MXF趨勢=death,bear,death,-594,-281,-234,0.078490508
2026-05-08 18:18:02,exit,bear,41759.0,空單出場：價格 41759.0，進場價 41729.0，持有至 2026-05-08 18:09:02，出場原因：回到TT區間內，TT短線=41757.4628406496，TT長線=41781.9212930573，MXF訊號=bear，MXF趨勢=gold，動態停損=45.0，動態停利=90.0，估計成本=3.0,bear,gold,-508,-34,-217,0.1370244332
