processed_at,received_at,row,strategy_code,previous_target,target,e_net,f_net,long_locked,lock_initialized,reason
2026-09-23T00:07:33.780598,2026-09-23T00:07:32,1063,CFCWIN01m,0,1,3,2,False,True,多方由未達門檻重新達到+2/+2
2026-09-23T02:05:47.364964,2026-09-23T02:05:46,1064,CFCCPm,0,0,3,3,False,False,01:00～08:45只更新E/F狀態，不建立影子部位
2026-09-23T09:45:01.430997,2026-09-23T09:44:59,1065,CFCCPm,0,0,3,2,True,True,早盤前多方共識已形成；等待先跌破+2/+2再重新突破
2026-09-23T11:28:36.797570,2026-09-23T11:28:36,1066,CFCTX18m,0,0,2,2,True,False,早盤前多方共識已形成；等待先跌破+2/+2再重新突破
2026-10-01T01:24:00.683078,2026-10-01T01:23:58,1119,CFCTX23m,0,0,4,0,False,False,01:00～08:45只更新E/F狀態，不建立影子部位
2026-10-01T02:32:12.349288,2026-10-01T02:32:10,1120,CFCTX22m,0,0,4,-1,False,False,01:00～08:45只更新E/F狀態，不建立影子部位
2026-10-01T09:30:24.780483,2026-10-01T09:30:24,1121,CFCTX18m,0,0,5,-1,False,True,共識退出
2026-10-01T11:52:16.602694,2026-10-01T11:52:14,1122,CFCTX23m,0,0,5,0,False,False,共識退出
2026-10-01T12:07:54.468004,2026-10-01T12:07:54,1123,CFC07m,0,0,6,0,False,False,共識退出
2026-10-01T12:08:04.676259,2026-10-01T12:08:04,1124,CFCTX16m,0,0,6,1,False,False,共識退出
2026-10-01T12:14:20.287038,2026-10-01T12:14:18,1125,CFCCPm,0,1,6,2,False,False,多方由未達門檻重新達到+2/+2
2026-10-01T13:05:56.931825,2026-10-01T13:05:56,1126,CFCWIN01m,1,1,6,3,False,False,多方由未達門檻重新達到+2/+2
2026-10-01T15:12:54.926279,2026-10-01T15:12:54,1127,CFCTX21m,1,1,5,3,False,False,多方由未達門檻重新達到+2/+2
