timestamp,attempt_id,event,trigger,target_position,previous_position,actual_position,side,quantity,detail
2026-10-01 01:00:00,0657333c21c04ba7ba4bcf6bff01f4c5,attempt_started,01:00/2026-10-01,0,,,,,準備登入永豐、查詢TMF部位並對帳
2026-10-01 01:00:00,0657333c21c04ba7ba4bcf6bff01f4c5,submitted,01:00/2026-10-01,0,1,,sell,1,已呼叫賣出 TMF 1口委託；API已返回，未回查成交，不自動重送
2026-10-01 01:00:01,0657333c21c04ba7ba4bcf6bff01f4c5,failed,01:00/2026-10-01,0,,,,,永豐委託失敗（Inactive）：券商未接受委託
2026-10-01 09:30:24,66a738cd759b4a7984d3434c4f5183f9,attempt_started,signal/2026-10-01T09:30:24/1121,0,,,,,準備登入永豐、查詢TMF部位並對帳
2026-10-01 09:30:24,66a738cd759b4a7984d3434c4f5183f9,no_order_needed,signal/2026-10-01T09:30:24/1121,0,0,0,,0,帳戶已是空手，無需送單
2026-10-01 11:52:16,79123c35b2af49d99b8f801389c20433,attempt_started,signal/2026-10-01T11:52:14/1122,0,,,,,準備登入永豐、查詢TMF部位並對帳
2026-10-01 11:52:16,79123c35b2af49d99b8f801389c20433,no_order_needed,signal/2026-10-01T11:52:14/1122,0,0,0,,0,帳戶已是空手，無需送單
2026-10-01 12:07:54,fd261de90ca2444c98c401bcbde50753,attempt_started,signal/2026-10-01T12:07:54/1123,0,,,,,準備登入永豐、查詢TMF部位並對帳
2026-10-01 12:07:54,fd261de90ca2444c98c401bcbde50753,no_order_needed,signal/2026-10-01T12:07:54/1123,0,0,0,,0,帳戶已是空手，無需送單
2026-10-01 12:08:04,7a0515bfdb044b48a6bafeba5fc24ae0,attempt_started,signal/2026-10-01T12:08:04/1124,0,,,,,準備登入永豐、查詢TMF部位並對帳
2026-10-01 12:08:04,7a0515bfdb044b48a6bafeba5fc24ae0,no_order_needed,signal/2026-10-01T12:08:04/1124,0,0,0,,0,帳戶已是空手，無需送單
2026-10-01 12:14:20,7138ca37501443f2b8e3aaa78dcf133b,attempt_started,signal/2026-10-01T12:14:18/1125,1,,,,,準備登入永豐、查詢TMF部位並對帳
2026-10-01 12:14:20,7138ca37501443f2b8e3aaa78dcf133b,submitted,signal/2026-10-01T12:14:18/1125,1,0,,buy,1,已呼叫買進 TMF 1口委託；API已返回，未回查成交，不自動重送
2026-10-01 12:14:20,7138ca37501443f2b8e3aaa78dcf133b,failed,signal/2026-10-01T12:14:18/1125,1,,,,,永豐委託失敗（Inactive）：券商未接受委託
2026-10-01 13:05:56,20288e81c6b04d3f82cac7880a04a6b3,attempt_started,signal/2026-10-01T13:05:56/1126,1,,,,,準備登入永豐、查詢TMF部位並對帳
2026-10-01 13:05:57,20288e81c6b04d3f82cac7880a04a6b3,no_order_needed,signal/2026-10-01T13:05:56/1126,1,1,1,,0,帳戶已是多1口，無需送單
2026-10-01 15:12:54,e77f8cc1858e442e838a30075f1c3b13,attempt_started,signal/2026-10-01T15:12:54/1127,1,,,,,準備登入永豐、查詢TMF部位並對帳
2026-10-01 15:12:55,e77f8cc1858e442e838a30075f1c3b13,no_order_needed,signal/2026-10-01T15:12:54/1127,1,1,1,,0,帳戶已是多1口，無需送單
