trade_no,date,single_pnl,single_points,base_mdd_pnl,base_mdd_points,loss_streak_before,win_streak_before,post_mdd_zero_index,plan1_quantity,plan1_cum_pnl,plan1_mdd_pnl,plan2_quantity,plan2_cum_pnl,plan2_mdd_pnl,plan3_quantity,plan3_cum_pnl,plan3_mdd_pnl
1,2025-04-23,-1200.0,-120.0,-1200.0,-120.0,0,0,0,1,-1200.0,0.0,1,-1200.0,0.0,1,-1200.0,0.0
2,2025-04-24,8450.0,845.0,0.0,0.0,1,0,0,1,7250.0,0.0,1,7250.0,0.0,1,7250.0,0.0
3,2025-04-24,18500.0,1850.0,0.0,0.0,0,1,1,1,25750.0,0.0,1,25750.0,0.0,1,25750.0,0.0
4,2025-04-28,-4700.0,-470.0,-4700.0,-470.0,0,2,2,1,21050.0,-4700.0,1,21050.0,-4700.0,1,21050.0,-4700.0
5,2025-04-29,5600.0,560.0,0.0,0.0,1,0,3,1,26650.0,0.0,1,26650.0,0.0,1,26650.0,0.0
6,2025-04-30,50.0,5.0,0.0,0.0,0,1,1,1,26700.0,0.0,1,26700.0,0.0,1,26700.0,0.0
7,2025-04-30,32300.0,3230.0,0.0,0.0,0,2,2,1,59000.0,0.0,1,59000.0,0.0,1,59000.0,0.0
8,2025-05-05,14700.0,1470.0,0.0,0.0,0,3,3,1,73700.0,0.0,1,73700.0,0.0,1,73700.0,0.0
9,2025-05-05,-5450.0,-545.0,-5450.0,-545.0,0,4,0,1,68250.0,-5450.0,1,68250.0,-5450.0,1,68250.0,-5450.0
10,2025-05-05,3750.0,375.0,-1700.0,-170.0,1,0,0,1,72000.0,-1700.0,1,72000.0,-1700.0,1,72000.0,-1700.0
11,2025-05-06,1900.0,190.0,0.0,0.0,0,1,0,1,73900.0,0.0,1,73900.0,0.0,1,73900.0,0.0
12,2025-05-06,-2050.0,-205.0,-2050.0,-205.0,0,2,1,1,71850.0,-2050.0,1,71850.0,-2050.0,1,71850.0,-2050.0
13,2025-05-06,3900.0,390.0,0.0,0.0,1,0,2,1,75750.0,0.0,1,75750.0,0.0,1,75750.0,0.0
14,2025-05-07,-2650.0,-265.0,-2650.0,-265.0,0,1,1,1,73100.0,-2650.0,1,73100.0,-2650.0,1,73100.0,-2650.0
15,2025-05-07,5250.0,525.0,0.0,0.0,1,0,2,1,78350.0,0.0,1,78350.0,0.0,1,78350.0,0.0
16,2025-05-08,-6300.0,-630.0,-6300.0,-630.0,0,1,1,1,72050.0,-6300.0,1,72050.0,-6300.0,1,72050.0,-6300.0
17,2025-05-08,-800.0,-80.0,-7100.0,-710.0,1,0,2,1,71250.0,-7100.0,1,71250.0,-7100.0,1,71250.0,-7100.0
18,2025-05-09,-3450.0,-345.0,-10550.0,-1055.0,2,0,3,1,67800.0,-10550.0,1,67800.0,-10550.0,1,67800.0,-10550.0
19,2025-05-09,35250.0,3525.0,0.0,0.0,3,0,0,1,103050.0,0.0,1,103050.0,0.0,1,103050.0,0.0
20,2025-05-13,2250.0,225.0,0.0,0.0,0,1,1,1,105300.0,0.0,1,105300.0,0.0,1,105300.0,0.0
21,2025-05-13,11650.0,1165.0,0.0,0.0,0,2,2,1,116950.0,0.0,1,116950.0,0.0,1,116950.0,0.0
22,2025-05-19,-250.0,-25.0,-250.0,-25.0,0,3,3,1,116700.0,-250.0,1,116700.0,-250.0,1,116700.0,-250.0
23,2025-05-19,4450.0,445.0,0.0,0.0,1,0,0,1,121150.0,0.0,1,121150.0,0.0,1,121150.0,0.0
24,2025-05-20,6150.0,615.0,0.0,0.0,0,1,1,1,127300.0,0.0,1,127300.0,0.0,1,127300.0,0.0
25,2025-05-20,-2350.0,-235.0,-2350.0,-235.0,0,2,2,1,124950.0,-2350.0,1,124950.0,-2350.0,1,124950.0,-2350.0
26,2025-05-21,-7800.0,-780.0,-10150.0,-1015.0,1,0,3,1,117150.0,-10150.0,1,117150.0,-10150.0,1,117150.0,-10150.0
27,2025-05-21,-5800.0,-580.0,-15950.0,-1595.0,2,0,0,1,111350.0,-15950.0,1,111350.0,-15950.0,1,111350.0,-15950.0
28,2025-05-22,650.0,65.0,-15300.0,-1530.0,3,0,0,1,112000.0,-15300.0,1,112000.0,-15300.0,1,112000.0,-15300.0
29,2025-05-22,-6200.0,-620.0,-21500.0,-2150.0,0,1,0,1,105800.0,-21500.0,1,105800.0,-21500.0,1,105800.0,-21500.0
30,2025-05-22,-3700.0,-370.0,-25200.0,-2520.0,1,0,0,1,102100.0,-25200.0,1,102100.0,-25200.0,1,102100.0,-25200.0
31,2025-05-22,-2600.0,-260.0,-27800.0,-2780.0,2,0,0,1,99500.0,-27800.0,1,99500.0,-27800.0,1,99500.0,-27800.0
32,2025-05-22,-3300.0,-330.0,-31100.0,-3110.0,3,0,0,1,96200.0,-31100.0,1,96200.0,-31100.0,1,96200.0,-31100.0
33,2025-05-22,2500.0,250.0,-28600.0,-2860.0,4,0,0,2,101200.0,-26100.0,1,98700.0,-28600.0,1,98700.0,-28600.0
34,2025-05-23,1800.0,180.0,-26800.0,-2680.0,0,1,0,2,104800.0,-22500.0,1,100500.0,-26800.0,1,100500.0,-26800.0
35,2025-05-26,-5700.0,-570.0,-32500.0,-3250.0,0,2,0,2,93400.0,-33900.0,1,94800.0,-32500.0,1,94800.0,-32500.0
36,2025-05-26,1800.0,180.0,-30700.0,-3070.0,1,0,0,2,97000.0,-30300.0,1,96600.0,-30700.0,1,96600.0,-30700.0
37,2025-05-28,2300.0,230.0,-28400.0,-2840.0,0,1,0,2,101600.0,-25700.0,1,98900.0,-28400.0,1,98900.0,-28400.0
38,2025-05-28,20000.0,2000.0,-8400.0,-840.0,0,2,0,2,141600.0,0.0,1,118900.0,-8400.0,1,118900.0,-8400.0
39,2025-06-02,-7450.0,-745.0,-15850.0,-1585.0,0,3,0,2,126700.0,-14900.0,1,111450.0,-15850.0,1,111450.0,-15850.0
40,2025-06-02,-8900.0,-890.0,-24750.0,-2475.0,1,0,0,2,108900.0,-32700.0,1,102550.0,-24750.0,1,102550.0,-24750.0
41,2025-06-03,1050.0,105.0,-23700.0,-2370.0,2,0,0,2,111000.0,-30600.0,1,103600.0,-23700.0,1,103600.0,-23700.0
42,2025-06-03,0.0,0.0,-23700.0,-2370.0,0,1,0,2,111000.0,-30600.0,1,103600.0,-23700.0,1,103600.0,-23700.0
43,2025-06-03,10850.0,1085.0,-12850.0,-1285.0,0,0,0,2,132700.0,-8900.0,1,114450.0,-12850.0,1,114450.0,-12850.0
44,2025-06-04,-4450.0,-445.0,-17300.0,-1730.0,0,1,0,2,123800.0,-17800.0,1,110000.0,-17300.0,1,110000.0,-17300.0
45,2025-06-04,13850.0,1385.0,-3450.0,-345.0,1,0,0,2,151500.0,0.0,1,123850.0,-3450.0,1,123850.0,-3450.0
46,2025-06-09,-3700.0,-370.0,-7150.0,-715.0,0,1,0,2,144100.0,-7400.0,1,120150.0,-7150.0,1,120150.0,-7150.0
47,2025-06-09,23250.0,2325.0,0.0,0.0,1,0,0,2,190600.0,0.0,1,143400.0,0.0,1,143400.0,0.0
48,2025-06-11,-4350.0,-435.0,-4350.0,-435.0,0,1,1,1,186250.0,-4350.0,1,139050.0,-4350.0,1,139050.0,-4350.0
49,2025-06-11,-8050.0,-805.0,-12400.0,-1240.0,1,0,2,1,178200.0,-12400.0,1,131000.0,-12400.0,1,131000.0,-12400.0
50,2025-06-17,-1850.0,-185.0,-14250.0,-1425.0,2,0,3,1,176350.0,-14250.0,1,129150.0,-14250.0,1,129150.0,-14250.0
51,2025-06-17,-5950.0,-595.0,-20200.0,-2020.0,3,0,0,1,170400.0,-20200.0,1,123200.0,-20200.0,1,123200.0,-20200.0
52,2025-06-18,-3800.0,-380.0,-24000.0,-2400.0,4,0,0,1,166600.0,-24000.0,1,119400.0,-24000.0,1,119400.0,-24000.0
53,2025-06-18,-11900.0,-1190.0,-35900.0,-3590.0,5,0,0,1,154700.0,-35900.0,1,107500.0,-35900.0,1,107500.0,-35900.0
54,2025-06-18,7050.0,705.0,-28850.0,-2885.0,6,0,0,2,168800.0,-21800.0,1,114550.0,-28850.0,1,114550.0,-28850.0
55,2025-06-20,-4150.0,-415.0,-33000.0,-3300.0,0,1,0,2,160500.0,-30100.0,1,110400.0,-33000.0,1,110400.0,-33000.0
56,2025-06-20,10700.0,1070.0,-22300.0,-2230.0,1,0,0,2,181900.0,-8700.0,1,121100.0,-22300.0,1,121100.0,-22300.0
57,2025-06-23,1500.0,150.0,-20800.0,-2080.0,0,1,0,2,184900.0,-5700.0,1,122600.0,-20800.0,1,122600.0,-20800.0
58,2025-06-23,-7300.0,-730.0,-28100.0,-2810.0,0,2,0,2,170300.0,-20300.0,1,115300.0,-28100.0,1,115300.0,-28100.0
59,2025-06-24,22450.0,2245.0,-5650.0,-565.0,1,0,0,2,215200.0,0.0,1,137750.0,-5650.0,1,137750.0,-5650.0
60,2025-06-25,-1000.0,-100.0,-6650.0,-665.0,0,1,0,2,213200.0,-2000.0,1,136750.0,-6650.0,1,136750.0,-6650.0
61,2025-06-25,1650.0,165.0,-5000.0,-500.0,1,0,0,2,216500.0,0.0,1,138400.0,-5000.0,1,138400.0,-5000.0
62,2025-06-26,1950.0,195.0,-3050.0,-305.0,0,1,0,2,220400.0,0.0,1,140350.0,-3050.0,1,140350.0,-3050.0
63,2025-06-26,3800.0,380.0,0.0,0.0,0,2,0,2,228000.0,0.0,1,144150.0,0.0,1,144150.0,0.0
64,2025-06-27,2800.0,280.0,0.0,0.0,0,3,1,1,230800.0,0.0,1,146950.0,0.0,1,146950.0,0.0
65,2025-06-27,-2000.0,-200.0,-2000.0,-200.0,0,4,2,1,228800.0,-2000.0,1,144950.0,-2000.0,1,144950.0,-2000.0
66,2025-06-30,-4200.0,-420.0,-6200.0,-620.0,1,0,3,1,224600.0,-6200.0,1,140750.0,-6200.0,1,140750.0,-6200.0
67,2025-06-30,8950.0,895.0,0.0,0.0,2,0,0,1,233550.0,0.0,1,149700.0,0.0,1,149700.0,0.0
68,2025-07-01,-2750.0,-275.0,-2750.0,-275.0,0,1,1,1,230800.0,-2750.0,1,146950.0,-2750.0,1,146950.0,-2750.0
69,2025-07-01,-5850.0,-585.0,-8600.0,-860.0,1,0,2,1,224950.0,-8600.0,1,141100.0,-8600.0,1,141100.0,-8600.0
70,2025-07-01,-4250.0,-425.0,-12850.0,-1285.0,2,0,3,1,220700.0,-12850.0,1,136850.0,-12850.0,1,136850.0,-12850.0
71,2025-07-02,14800.0,1480.0,0.0,0.0,3,0,0,1,235500.0,0.0,1,151650.0,0.0,1,151650.0,0.0
72,2025-07-04,12100.0,1210.0,0.0,0.0,0,1,1,1,247600.0,0.0,1,163750.0,0.0,1,163750.0,0.0
73,2025-07-04,-3500.0,-350.0,-3500.0,-350.0,0,2,2,1,244100.0,-3500.0,1,160250.0,-3500.0,1,160250.0,-3500.0
74,2025-07-05,-6350.0,-635.0,-9850.0,-985.0,1,0,3,1,237750.0,-9850.0,1,153900.0,-9850.0,1,153900.0,-9850.0
75,2025-07-07,-6250.0,-625.0,-16100.0,-1610.0,2,0,0,1,231500.0,-16100.0,1,147650.0,-16100.0,1,147650.0,-16100.0
76,2025-07-07,-1750.0,-175.0,-17850.0,-1785.0,3,0,0,1,229750.0,-17850.0,1,145900.0,-17850.0,1,145900.0,-17850.0
77,2025-07-07,-5300.0,-530.0,-23150.0,-2315.0,4,0,0,1,224450.0,-23150.0,1,140600.0,-23150.0,1,140600.0,-23150.0
78,2025-07-08,-200.0,-20.0,-23350.0,-2335.0,5,0,0,1,224250.0,-23350.0,1,140400.0,-23350.0,1,140400.0,-23350.0
79,2025-07-08,-3150.0,-315.0,-26500.0,-2650.0,6,0,0,1,221100.0,-26500.0,1,137250.0,-26500.0,1,137250.0,-26500.0
80,2025-07-08,-4800.0,-480.0,-31300.0,-3130.0,7,0,0,1,216300.0,-31300.0,1,132450.0,-31300.0,1,132450.0,-31300.0
81,2025-07-08,-4800.0,-480.0,-36100.0,-3610.0,8,0,0,2,206700.0,-40900.0,1,127650.0,-36100.0,1,127650.0,-36100.0
82,2025-07-08,-3850.0,-385.0,-39950.0,-3995.0,9,0,0,2,199000.0,-48600.0,1,123800.0,-39950.0,1,123800.0,-39950.0
83,2025-07-09,12850.0,1285.0,-27100.0,-2710.0,10,0,0,2,224700.0,-22900.0,1,136650.0,-27100.0,1,136650.0,-27100.0
84,2025-07-10,-3350.0,-335.0,-30450.0,-3045.0,0,1,0,2,218000.0,-29600.0,1,133300.0,-30450.0,1,133300.0,-30450.0
85,2025-07-10,-2350.0,-235.0,-32800.0,-3280.0,1,0,0,2,213300.0,-34300.0,1,130950.0,-32800.0,1,130950.0,-32800.0
86,2025-07-14,-3650.0,-365.0,-36450.0,-3645.0,2,0,0,2,206000.0,-41600.0,1,127300.0,-36450.0,1,127300.0,-36450.0
87,2025-07-14,-4400.0,-440.0,-40850.0,-4085.0,3,0,0,2,197200.0,-50400.0,1,122900.0,-40850.0,1,122900.0,-40850.0
88,2025-07-14,-250.0,-25.0,-41100.0,-4110.0,4,0,0,2,196700.0,-50900.0,1,122650.0,-41100.0,2,122400.0,-41350.0
89,2025-07-14,36500.0,3650.0,-4600.0,-460.0,5,0,0,2,269700.0,0.0,1,159150.0,-4600.0,2,195400.0,0.0
90,2025-07-18,-1500.0,-150.0,-6100.0,-610.0,0,1,0,2,266700.0,-3000.0,1,157650.0,-6100.0,2,192400.0,-3000.0
91,2025-07-18,-5450.0,-545.0,-11550.0,-1155.0,1,0,0,2,255800.0,-13900.0,1,152200.0,-11550.0,2,181500.0,-13900.0
92,2025-07-22,5300.0,530.0,-6250.0,-625.0,2,0,0,2,266400.0,-3300.0,1,157500.0,-6250.0,2,192100.0,-3300.0
93,2025-07-23,11000.0,1100.0,0.0,0.0,0,1,0,2,288400.0,0.0,1,168500.0,0.0,2,214100.0,0.0
94,2025-07-24,-950.0,-95.0,-950.0,-95.0,0,2,1,1,287450.0,-950.0,1,167550.0,-950.0,1,213150.0,-950.0
95,2025-07-24,-6200.0,-620.0,-7150.0,-715.0,1,0,2,1,281250.0,-7150.0,1,161350.0,-7150.0,1,206950.0,-7150.0
96,2025-07-24,-5700.0,-570.0,-12850.0,-1285.0,2,0,3,1,275550.0,-12850.0,1,155650.0,-12850.0,1,201250.0,-12850.0
97,2025-07-25,-2350.0,-235.0,-15200.0,-1520.0,3,0,0,1,273200.0,-15200.0,1,153300.0,-15200.0,1,198900.0,-15200.0
98,2025-07-28,-4050.0,-405.0,-19250.0,-1925.0,4,0,0,1,269150.0,-19250.0,1,149250.0,-19250.0,1,194850.0,-19250.0
99,2025-07-29,-4450.0,-445.0,-23700.0,-2370.0,5,0,0,1,264700.0,-23700.0,1,144800.0,-23700.0,1,190400.0,-23700.0
100,2025-07-29,400.0,40.0,-23300.0,-2330.0,6,0,0,1,265100.0,-23300.0,1,145200.0,-23300.0,1,190800.0,-23300.0
101,2025-07-29,-4000.0,-400.0,-27300.0,-2730.0,0,1,0,1,261100.0,-27300.0,1,141200.0,-27300.0,1,186800.0,-27300.0
102,2025-07-29,-6850.0,-685.0,-34150.0,-3415.0,1,0,0,1,254250.0,-34150.0,1,134350.0,-34150.0,1,179950.0,-34150.0
103,2025-07-30,-4250.0,-425.0,-38400.0,-3840.0,2,0,0,2,245750.0,-42650.0,1,130100.0,-38400.0,1,175700.0,-38400.0
104,2025-07-30,-6650.0,-665.0,-45050.0,-4505.0,3,0,0,2,232450.0,-55950.0,1,123450.0,-45050.0,1,169050.0,-45050.0
105,2025-07-30,3650.0,365.0,-41400.0,-4140.0,4,0,0,2,239750.0,-48650.0,1,127100.0,-41400.0,2,176350.0,-37750.0
106,2025-07-31,-2050.0,-205.0,-43450.0,-4345.0,0,1,0,2,235650.0,-52750.0,1,125050.0,-43450.0,2,172250.0,-41850.0
107,2025-07-31,-300.0,-30.0,-43750.0,-4375.0,1,0,0,2,235050.0,-53350.0,1,124750.0,-43750.0,2,171650.0,-42450.0
108,2025-07-31,15000.0,1500.0,-28750.0,-2875.0,2,0,0,2,265050.0,-23350.0,1,139750.0,-28750.0,2,201650.0,-12450.0
109,2025-08-01,-1700.0,-170.0,-30450.0,-3045.0,0,1,0,2,261650.0,-26750.0,1,138050.0,-30450.0,2,198250.0,-15850.0
110,2025-08-01,-700.0,-70.0,-31150.0,-3115.0,1,0,0,2,260250.0,-28150.0,1,137350.0,-31150.0,2,196850.0,-17250.0
111,2025-08-04,7400.0,740.0,-23750.0,-2375.0,2,0,0,2,275050.0,-13350.0,1,144750.0,-23750.0,2,211650.0,-2450.0
112,2025-08-04,-3050.0,-305.0,-26800.0,-2680.0,0,1,0,2,268950.0,-19450.0,1,141700.0,-26800.0,2,205550.0,-8550.0
113,2025-08-04,3500.0,350.0,-23300.0,-2330.0,1,0,0,2,275950.0,-12450.0,1,145200.0,-23300.0,2,212550.0,-1550.0
114,2025-08-05,-1150.0,-115.0,-24450.0,-2445.0,0,1,0,2,273650.0,-14750.0,1,144050.0,-24450.0,2,210250.0,-3850.0
115,2025-08-06,-4200.0,-420.0,-28650.0,-2865.0,1,0,0,2,265250.0,-23150.0,1,139850.0,-28650.0,2,201850.0,-12250.0
116,2025-08-06,-150.0,-15.0,-28800.0,-2880.0,2,0,0,2,264950.0,-23450.0,1,139700.0,-28800.0,2,201550.0,-12550.0
117,2025-08-06,-3700.0,-370.0,-32500.0,-3250.0,3,0,0,2,257550.0,-30850.0,1,136000.0,-32500.0,2,194150.0,-19950.0
118,2025-08-06,-4250.0,-425.0,-36750.0,-3675.0,4,0,0,2,249050.0,-39350.0,1,131750.0,-36750.0,2,185650.0,-28450.0
119,2025-08-06,40600.0,4060.0,0.0,0.0,5,0,0,2,330250.0,0.0,1,172350.0,0.0,2,266850.0,0.0
120,2025-08-13,-5150.0,-515.0,-5150.0,-515.0,0,1,1,1,325100.0,-5150.0,1,167200.0,-5150.0,1,261700.0,-5150.0
121,2025-08-13,-2700.0,-270.0,-7850.0,-785.0,1,0,2,1,322400.0,-7850.0,1,164500.0,-7850.0,1,259000.0,-7850.0
122,2025-08-14,-2400.0,-240.0,-10250.0,-1025.0,2,0,3,1,320000.0,-10250.0,1,162100.0,-10250.0,1,256600.0,-10250.0
123,2025-08-14,-600.0,-60.0,-10850.0,-1085.0,3,0,0,1,319400.0,-10850.0,1,161500.0,-10850.0,1,256000.0,-10850.0
124,2025-08-15,-2550.0,-255.0,-13400.0,-1340.0,4,0,0,1,316850.0,-13400.0,1,158950.0,-13400.0,1,253450.0,-13400.0
125,2025-08-15,-6650.0,-665.0,-20050.0,-2005.0,5,0,0,1,310200.0,-20050.0,1,152300.0,-20050.0,1,246800.0,-20050.0
126,2025-08-15,-2450.0,-245.0,-22500.0,-2250.0,6,0,0,1,307750.0,-22500.0,1,149850.0,-22500.0,1,244350.0,-22500.0
127,2025-08-18,1050.0,105.0,-21450.0,-2145.0,7,0,0,1,308800.0,-21450.0,1,150900.0,-21450.0,1,245400.0,-21450.0
128,2025-08-20,19600.0,1960.0,-1850.0,-185.0,0,1,0,1,328400.0,-1850.0,1,170500.0,-1850.0,1,265000.0,-1850.0
129,2025-08-21,-2000.0,-200.0,-3850.0,-385.0,0,2,0,1,326400.0,-3850.0,1,168500.0,-3850.0,1,263000.0,-3850.0
130,2025-08-21,-3400.0,-340.0,-7250.0,-725.0,1,0,0,1,323000.0,-7250.0,1,165100.0,-7250.0,1,259600.0,-7250.0
131,2025-08-21,-2050.0,-205.0,-9300.0,-930.0,2,0,0,1,320950.0,-9300.0,1,163050.0,-9300.0,1,257550.0,-9300.0
132,2025-08-21,-5400.0,-540.0,-14700.0,-1470.0,3,0,0,1,315550.0,-14700.0,1,157650.0,-14700.0,1,252150.0,-14700.0
133,2025-08-22,15000.0,1500.0,0.0,0.0,4,0,0,1,330550.0,0.0,1,172650.0,0.0,1,267150.0,0.0
134,2025-08-28,-3000.0,-300.0,-3000.0,-300.0,0,1,1,1,327550.0,-3000.0,1,169650.0,-3000.0,1,264150.0,-3000.0
135,2025-08-28,1550.0,155.0,-1450.0,-145.0,1,0,2,1,329100.0,-1450.0,1,171200.0,-1450.0,1,265700.0,-1450.0
136,2025-08-29,7200.0,720.0,0.0,0.0,0,1,3,1,336300.0,0.0,1,178400.0,0.0,1,272900.0,0.0
137,2025-09-01,-5850.0,-585.0,-5850.0,-585.0,0,2,1,1,330450.0,-5850.0,1,172550.0,-5850.0,1,267050.0,-5850.0
138,2025-09-01,-5400.0,-540.0,-11250.0,-1125.0,1,0,2,1,325050.0,-11250.0,1,167150.0,-11250.0,1,261650.0,-11250.0
139,2025-09-02,-4700.0,-470.0,-15950.0,-1595.0,2,0,3,1,320350.0,-15950.0,1,162450.0,-15950.0,1,256950.0,-15950.0
140,2025-09-02,9000.0,900.0,-6950.0,-695.0,3,0,0,1,329350.0,-6950.0,1,171450.0,-6950.0,1,265950.0,-6950.0
141,2025-09-03,2800.0,280.0,-4150.0,-415.0,0,1,0,1,332150.0,-4150.0,1,174250.0,-4150.0,1,268750.0,-4150.0
142,2025-09-03,-3000.0,-300.0,-7150.0,-715.0,0,2,0,1,329150.0,-7150.0,1,171250.0,-7150.0,1,265750.0,-7150.0
143,2025-09-03,-2850.0,-285.0,-10000.0,-1000.0,1,0,0,1,326300.0,-10000.0,1,168400.0,-10000.0,1,262900.0,-10000.0
144,2025-09-03,-5050.0,-505.0,-15050.0,-1505.0,2,0,0,1,321250.0,-15050.0,1,163350.0,-15050.0,1,257850.0,-15050.0
145,2025-09-03,-2350.0,-235.0,-17400.0,-1740.0,3,0,0,1,318900.0,-17400.0,1,161000.0,-17400.0,1,255500.0,-17400.0
146,2025-09-04,-13550.0,-1355.0,-30950.0,-3095.0,4,0,0,1,305350.0,-30950.0,1,147450.0,-30950.0,1,241950.0,-30950.0
147,2025-09-04,-4900.0,-490.0,-35850.0,-3585.0,5,0,0,2,295550.0,-40750.0,1,142550.0,-35850.0,1,237050.0,-35850.0
148,2025-09-04,-3950.0,-395.0,-39800.0,-3980.0,6,0,0,2,287650.0,-48650.0,1,138600.0,-39800.0,1,233100.0,-39800.0
149,2025-09-04,-5450.0,-545.0,-45250.0,-4525.0,7,0,0,2,276750.0,-59550.0,1,133150.0,-45250.0,1,227650.0,-45250.0
150,2025-09-04,150.0,15.0,-45100.0,-4510.0,8,0,0,2,277050.0,-59250.0,1,133300.0,-45100.0,2,227950.0,-44950.0
151,2025-09-04,9300.0,930.0,-35800.0,-3580.0,0,1,0,2,295650.0,-40650.0,1,142600.0,-35800.0,2,246550.0,-26350.0
152,2025-09-05,-1350.0,-135.0,-37150.0,-3715.0,0,2,0,2,292950.0,-43350.0,1,141250.0,-37150.0,2,243850.0,-29050.0
153,2025-09-05,-5000.0,-500.0,-42150.0,-4215.0,1,0,0,2,282950.0,-53350.0,1,136250.0,-42150.0,2,233850.0,-39050.0
154,2025-09-05,-3500.0,-350.0,-45650.0,-4565.0,2,0,0,2,275950.0,-60350.0,1,132750.0,-45650.0,2,226850.0,-46050.0
155,2025-09-05,50600.0,5060.0,0.0,0.0,3,0,0,2,377150.0,0.0,1,183350.0,0.0,2,328050.0,0.0
156,2025-09-11,4350.0,435.0,0.0,0.0,0,1,1,1,381500.0,0.0,1,187700.0,0.0,1,332400.0,0.0
157,2025-09-11,6100.0,610.0,0.0,0.0,0,2,2,1,387600.0,0.0,1,193800.0,0.0,1,338500.0,0.0
158,2025-09-17,-3750.0,-375.0,-3750.0,-375.0,0,3,3,1,383850.0,-3750.0,1,190050.0,-3750.0,1,334750.0,-3750.0
159,2025-09-17,200.0,20.0,-3550.0,-355.0,1,0,0,1,384050.0,-3550.0,1,190250.0,-3550.0,1,334950.0,-3550.0
160,2025-09-17,-5250.0,-525.0,-8800.0,-880.0,0,1,0,1,378800.0,-8800.0,1,185000.0,-8800.0,1,329700.0,-8800.0
161,2025-09-18,7900.0,790.0,-900.0,-90.0,1,0,0,1,386700.0,-900.0,1,192900.0,-900.0,1,337600.0,-900.0
162,2025-09-19,4000.0,400.0,0.0,0.0,0,1,0,1,390700.0,0.0,1,196900.0,0.0,1,341600.0,0.0
163,2025-09-19,20400.0,2040.0,0.0,0.0,0,2,1,1,411100.0,0.0,1,217300.0,0.0,1,362000.0,0.0
164,2025-09-23,-9150.0,-915.0,-9150.0,-915.0,0,3,2,1,401950.0,-9150.0,1,208150.0,-9150.0,1,352850.0,-9150.0
165,2025-09-23,-1850.0,-185.0,-11000.0,-1100.0,1,0,3,1,400100.0,-11000.0,1,206300.0,-11000.0,1,351000.0,-11000.0
166,2025-09-24,-550.0,-55.0,-11550.0,-1155.0,2,0,0,1,399550.0,-11550.0,1,205750.0,-11550.0,1,350450.0,-11550.0
167,2025-09-24,-7550.0,-755.0,-19100.0,-1910.0,3,0,0,1,392000.0,-19100.0,1,198200.0,-19100.0,1,342900.0,-19100.0
168,2025-09-25,2450.0,245.0,-16650.0,-1665.0,4,0,0,1,394450.0,-16650.0,1,200650.0,-16650.0,1,345350.0,-16650.0
169,2025-09-25,-5150.0,-515.0,-21800.0,-2180.0,0,1,0,1,389300.0,-21800.0,1,195500.0,-21800.0,1,340200.0,-21800.0
170,2025-09-25,-4200.0,-420.0,-26000.0,-2600.0,1,0,0,1,385100.0,-26000.0,1,191300.0,-26000.0,1,336000.0,-26000.0
171,2025-09-25,-6100.0,-610.0,-32100.0,-3210.0,2,0,0,1,379000.0,-32100.0,1,185200.0,-32100.0,1,329900.0,-32100.0
172,2025-09-26,7750.0,775.0,-24350.0,-2435.0,3,0,0,2,394500.0,-16600.0,1,192950.0,-24350.0,1,337650.0,-24350.0
173,2025-09-26,-2800.0,-280.0,-27150.0,-2715.0,0,1,0,2,388900.0,-22200.0,1,190150.0,-27150.0,1,334850.0,-27150.0
174,2025-09-26,-3350.0,-335.0,-30500.0,-3050.0,1,0,0,2,382200.0,-28900.0,1,186800.0,-30500.0,1,331500.0,-30500.0
175,2025-09-27,18300.0,1830.0,-12200.0,-1220.0,2,0,0,2,418800.0,0.0,1,205100.0,-12200.0,1,349800.0,-12200.0
176,2025-10-01,7500.0,750.0,-4700.0,-470.0,0,1,0,2,433800.0,0.0,1,212600.0,-4700.0,1,357300.0,-4700.0
177,2025-10-01,23200.0,2320.0,0.0,0.0,0,2,0,2,480200.0,0.0,1,235800.0,0.0,1,380500.0,0.0
178,2025-10-03,-4400.0,-440.0,-4400.0,-440.0,0,3,1,1,475800.0,-4400.0,1,231400.0,-4400.0,1,376100.0,-4400.0
179,2025-10-03,32250.0,3225.0,0.0,0.0,1,0,2,1,508050.0,0.0,1,263650.0,0.0,1,408350.0,0.0
180,2025-10-07,8400.0,840.0,0.0,0.0,0,1,1,1,516450.0,0.0,1,272050.0,0.0,1,416750.0,0.0
181,2025-10-08,15300.0,1530.0,0.0,0.0,0,2,2,1,531750.0,0.0,1,287350.0,0.0,1,432050.0,0.0
182,2025-10-09,-1800.0,-180.0,-1800.0,-180.0,0,3,3,1,529950.0,-1800.0,1,285550.0,-1800.0,1,430250.0,-1800.0
183,2025-10-09,-5400.0,-540.0,-7200.0,-720.0,1,0,0,1,524550.0,-7200.0,1,280150.0,-7200.0,1,424850.0,-7200.0
184,2025-10-14,26600.0,2660.0,0.0,0.0,2,0,0,1,551150.0,0.0,1,306750.0,0.0,1,451450.0,0.0
185,2025-10-14,5950.0,595.0,0.0,0.0,0,1,1,1,557100.0,0.0,1,312700.0,0.0,1,457400.0,0.0
186,2025-10-15,-7750.0,-775.0,-7750.0,-775.0,0,2,2,1,549350.0,-7750.0,1,304950.0,-7750.0,1,449650.0,-7750.0
187,2025-10-15,15150.0,1515.0,0.0,0.0,1,0,3,1,564500.0,0.0,1,320100.0,0.0,1,464800.0,0.0
188,2025-10-16,-9350.0,-935.0,-9350.0,-935.0,0,1,1,1,555150.0,-9350.0,1,310750.0,-9350.0,1,455450.0,-9350.0
189,2025-10-16,1950.0,195.0,-7400.0,-740.0,1,0,2,1,557100.0,-7400.0,1,312700.0,-7400.0,1,457400.0,-7400.0
190,2025-10-16,-4700.0,-470.0,-12100.0,-1210.0,0,1,3,1,552400.0,-12100.0,1,308000.0,-12100.0,1,452700.0,-12100.0
191,2025-10-16,-1800.0,-180.0,-13900.0,-1390.0,1,0,0,1,550600.0,-13900.0,1,306200.0,-13900.0,1,450900.0,-13900.0
192,2025-10-17,6300.0,630.0,-7600.0,-760.0,2,0,0,1,556900.0,-7600.0,1,312500.0,-7600.0,1,457200.0,-7600.0
193,2025-10-17,-3500.0,-350.0,-11100.0,-1110.0,0,1,0,1,553400.0,-11100.0,1,309000.0,-11100.0,1,453700.0,-11100.0
194,2025-10-17,11600.0,1160.0,0.0,0.0,1,0,0,1,565000.0,0.0,1,320600.0,0.0,1,465300.0,0.0
195,2025-10-17,37500.0,3750.0,0.0,0.0,0,1,1,1,602500.0,0.0,1,358100.0,0.0,1,502800.0,0.0
196,2025-10-21,2100.0,210.0,0.0,0.0,0,2,2,1,604600.0,0.0,1,360200.0,0.0,1,504900.0,0.0
197,2025-10-21,-4650.0,-465.0,-4650.0,-465.0,0,3,3,1,599950.0,-4650.0,1,355550.0,-4650.0,1,500250.0,-4650.0
198,2025-10-21,-4800.0,-480.0,-9450.0,-945.0,1,0,0,1,595150.0,-9450.0,1,350750.0,-9450.0,1,495450.0,-9450.0
199,2025-10-21,-6800.0,-680.0,-16250.0,-1625.0,2,0,0,1,588350.0,-16250.0,1,343950.0,-16250.0,1,488650.0,-16250.0
200,2025-10-22,300.0,30.0,-15950.0,-1595.0,3,0,0,1,588650.0,-15950.0,1,344250.0,-15950.0,1,488950.0,-15950.0
201,2025-10-22,-6600.0,-660.0,-22550.0,-2255.0,0,1,0,1,582050.0,-22550.0,1,337650.0,-22550.0,1,482350.0,-22550.0
202,2025-10-22,-6600.0,-660.0,-29150.0,-2915.0,1,0,0,1,575450.0,-29150.0,1,331050.0,-29150.0,1,475750.0,-29150.0
203,2025-10-22,-8150.0,-815.0,-37300.0,-3730.0,2,0,0,1,567300.0,-37300.0,1,322900.0,-37300.0,1,467600.0,-37300.0
204,2025-10-22,8550.0,855.0,-28750.0,-2875.0,3,0,0,2,584400.0,-20200.0,1,331450.0,-28750.0,1,476150.0,-28750.0
205,2025-10-23,13800.0,1380.0,-14950.0,-1495.0,0,1,0,2,612000.0,0.0,1,345250.0,-14950.0,1,489950.0,-14950.0
206,2025-10-23,-31450.0,-3145.0,-46400.0,-4640.0,0,2,0,2,549100.0,-62900.0,1,313800.0,-46400.0,1,458500.0,-46400.0
207,2025-10-27,-9150.0,-915.0,-55550.0,-5555.0,1,0,0,2,530800.0,-81200.0,1,304650.0,-55550.0,2,440200.0,-64700.0
208,2025-10-27,-6200.0,-620.0,-61750.0,-6175.0,2,0,0,2,518400.0,-93600.0,2,292250.0,-67950.0,2,427800.0,-77100.0
209,2025-10-27,-7150.0,-715.0,-68900.0,-6890.0,3,0,0,2,504100.0,-107900.0,2,277950.0,-82250.0,2,413500.0,-91400.0
210,2025-10-27,-4150.0,-415.0,-73050.0,-7305.0,4,0,0,2,495800.0,-116200.0,2,269650.0,-90550.0,2,405200.0,-99700.0
211,2025-10-27,-4400.0,-440.0,-77450.0,-7745.0,5,0,0,3,482600.0,-129400.0,2,260850.0,-99350.0,2,396400.0,-108500.0
212,2025-10-28,3050.0,305.0,-74400.0,-7440.0,6,0,0,3,491750.0,-120250.0,2,266950.0,-93250.0,2,402500.0,-102400.0
213,2025-10-28,16600.0,1660.0,-57800.0,-5780.0,0,1,0,3,541550.0,-70450.0,2,300150.0,-60050.0,2,435700.0,-69200.0
214,2025-10-30,-6300.0,-630.0,-64100.0,-6410.0,0,2,0,2,528950.0,-83050.0,2,287550.0,-72650.0,2,423100.0,-81800.0
215,2025-10-30,-4600.0,-460.0,-68700.0,-6870.0,1,0,0,2,519750.0,-92250.0,2,278350.0,-81850.0,2,413900.0,-91000.0
216,2025-10-30,-1750.0,-175.0,-70450.0,-7045.0,2,0,0,2,516250.0,-95750.0,2,274850.0,-85350.0,2,410400.0,-94500.0
217,2025-10-30,-6950.0,-695.0,-77400.0,-7740.0,3,0,0,3,495400.0,-116600.0,2,260950.0,-99250.0,2,396500.0,-108400.0
218,2025-10-30,-12050.0,-1205.0,-89450.0,-8945.0,4,0,0,3,459250.0,-152750.0,2,236850.0,-123350.0,2,372400.0,-132500.0
219,2025-10-31,-3650.0,-365.0,-93100.0,-9310.0,5,0,0,3,448300.0,-163700.0,2,229550.0,-130650.0,2,365100.0,-139800.0
220,2025-10-31,1500.0,150.0,-91600.0,-9160.0,6,0,0,3,452800.0,-159200.0,2,232550.0,-127650.0,3,369600.0,-135300.0
221,2025-10-31,-5550.0,-555.0,-97150.0,-9715.0,0,1,0,3,436150.0,-175850.0,2,221450.0,-138750.0,3,352950.0,-151950.0
222,2025-10-31,-8100.0,-810.0,-105250.0,-10525.0,1,0,0,3,411850.0,-200150.0,2,205250.0,-154950.0,3,328650.0,-176250.0
223,2025-11-03,-3750.0,-375.0,-109000.0,-10900.0,2,0,0,3,400600.0,-211400.0,3,194000.0,-166200.0,3,317400.0,-187500.0
224,2025-11-03,3000.0,300.0,-106000.0,-10600.0,3,0,0,3,409600.0,-202400.0,3,203000.0,-157200.0,3,326400.0,-178500.0
225,2025-11-03,2650.0,265.0,-103350.0,-10335.0,0,1,0,3,417550.0,-194450.0,3,210950.0,-149250.0,3,334350.0,-170550.0
226,2025-11-04,14750.0,1475.0,-88600.0,-8860.0,0,2,0,3,461800.0,-150200.0,3,255200.0,-105000.0,3,378600.0,-126300.0
227,2025-11-04,-1500.0,-150.0,-90100.0,-9010.0,0,3,0,3,457300.0,-154700.0,2,252200.0,-108000.0,2,375600.0,-129300.0
228,2025-11-05,17600.0,1760.0,-72500.0,-7250.0,1,0,0,3,510100.0,-101900.0,2,287400.0,-72800.0,3,428400.0,-76500.0
229,2025-11-05,4800.0,480.0,-67700.0,-6770.0,0,1,0,3,524500.0,-87500.0,2,297000.0,-63200.0,2,438000.0,-66900.0
230,2025-11-05,-5200.0,-520.0,-72900.0,-7290.0,0,2,0,2,514100.0,-97900.0,2,286600.0,-73600.0,2,427600.0,-77300.0
231,2025-11-05,-3600.0,-360.0,-76500.0,-7650.0,1,0,0,3,503300.0,-108700.0,2,279400.0,-80800.0,2,420400.0,-84500.0
232,2025-11-05,-4300.0,-430.0,-80800.0,-8080.0,2,0,0,3,490400.0,-121600.0,2,270800.0,-89400.0,2,411800.0,-93100.0
233,2025-11-05,2000.0,200.0,-78800.0,-7880.0,3,0,0,3,496400.0,-115600.0,2,274800.0,-85400.0,2,415800.0,-89100.0
234,2025-11-06,-5450.0,-545.0,-84250.0,-8425.0,0,1,0,3,480050.0,-131950.0,2,263900.0,-96300.0,2,404900.0,-100000.0
235,2025-11-06,-2050.0,-205.0,-86300.0,-8630.0,1,0,0,3,473900.0,-138100.0,2,259800.0,-100400.0,2,400800.0,-104100.0
236,2025-11-06,-4850.0,-485.0,-91150.0,-9115.0,2,0,0,3,459350.0,-152650.0,2,250100.0,-110100.0,2,391100.0,-113800.0
237,2025-11-06,-3300.0,-330.0,-94450.0,-9445.0,3,0,0,3,449450.0,-162550.0,2,243500.0,-116700.0,3,381200.0,-123700.0
238,2025-11-06,14000.0,1400.0,-80450.0,-8045.0,4,0,0,3,491450.0,-120550.0,2,271500.0,-88700.0,3,423200.0,-81700.0
239,2025-11-07,-6200.0,-620.0,-86650.0,-8665.0,0,1,0,3,472850.0,-139150.0,2,259100.0,-101100.0,2,410800.0,-94100.0
240,2025-11-07,-6700.0,-670.0,-93350.0,-9335.0,1,0,0,3,452750.0,-159250.0,2,245700.0,-114500.0,2,397400.0,-107500.0
241,2025-11-07,-2800.0,-280.0,-96150.0,-9615.0,2,0,0,3,444350.0,-167650.0,2,240100.0,-120100.0,3,389000.0,-115900.0
242,2025-11-07,-9800.0,-980.0,-105950.0,-10595.0,3,0,0,3,414950.0,-197050.0,2,220500.0,-139700.0,3,359600.0,-145300.0
243,2025-11-10,1350.0,135.0,-104600.0,-10460.0,4,0,0,3,419000.0,-193000.0,3,224550.0,-135650.0,3,363650.0,-141250.0
244,2025-11-10,-6350.0,-635.0,-110950.0,-11095.0,0,1,0,3,399950.0,-212050.0,3,205500.0,-154700.0,3,344600.0,-160300.0
245,2025-11-11,2950.0,295.0,-108000.0,-10800.0,1,0,0,3,408800.0,-203200.0,3,214350.0,-145850.0,3,353450.0,-151450.0
246,2025-11-11,14650.0,1465.0,-93350.0,-9335.0,0,1,0,3,452750.0,-159250.0,3,258300.0,-101900.0,3,397400.0,-107500.0
247,2025-11-11,-4200.0,-420.0,-97550.0,-9755.0,0,2,0,3,440150.0,-171850.0,2,249900.0,-110300.0,3,384800.0,-120100.0
248,2025-11-11,-5050.0,-505.0,-102600.0,-10260.0,1,0,0,3,425000.0,-187000.0,2,239800.0,-120400.0,3,369650.0,-135250.0
249,2025-11-12,3850.0,385.0,-98750.0,-9875.0,2,0,0,3,436550.0,-175450.0,3,251350.0,-108850.0,3,381200.0,-123700.0
250,2025-11-12,-4000.0,-400.0,-102750.0,-10275.0,0,1,0,3,424550.0,-187450.0,2,243350.0,-116850.0,3,369200.0,-135700.0
251,2025-11-12,1050.0,105.0,-101700.0,-10170.0,1,0,0,3,427700.0,-184300.0,3,246500.0,-113700.0,3,372350.0,-132550.0
252,2025-11-12,2900.0,290.0,-98800.0,-9880.0,0,1,0,3,436400.0,-175600.0,3,255200.0,-105000.0,3,381050.0,-123850.0
253,2025-11-13,-4550.0,-455.0,-103350.0,-10335.0,0,2,0,3,422750.0,-189250.0,2,246100.0,-114100.0,3,367400.0,-137500.0
254,2025-11-13,-4650.0,-465.0,-108000.0,-10800.0,1,0,0,3,408800.0,-203200.0,3,232150.0,-128050.0,3,353450.0,-151450.0
255,2025-11-13,-1550.0,-155.0,-109550.0,-10955.0,2,0,0,3,404150.0,-207850.0,3,227500.0,-132700.0,3,348800.0,-156100.0
256,2025-11-13,17850.0,1785.0,-91700.0,-9170.0,3,0,0,3,457700.0,-154300.0,3,281050.0,-79150.0,3,402350.0,-102550.0
257,2025-11-14,-4900.0,-490.0,-96600.0,-9660.0,0,1,0,3,443000.0,-169000.0,2,271250.0,-88950.0,3,387650.0,-117250.0
258,2025-11-14,2450.0,245.0,-94150.0,-9415.0,1,0,0,3,450350.0,-161650.0,2,276150.0,-84050.0,3,395000.0,-109900.0
259,2025-11-14,-1950.0,-195.0,-96100.0,-9610.0,0,1,0,3,444500.0,-167500.0,2,272250.0,-87950.0,3,389150.0,-115750.0
260,2025-11-15,5800.0,580.0,-90300.0,-9030.0,1,0,0,3,461900.0,-150100.0,2,283850.0,-76350.0,3,406550.0,-98350.0
261,2025-11-18,-7350.0,-735.0,-97650.0,-9765.0,0,1,0,3,439850.0,-172150.0,2,269150.0,-91050.0,3,384500.0,-120400.0
262,2025-11-18,13250.0,1325.0,-84400.0,-8440.0,1,0,0,3,479600.0,-132400.0,2,295650.0,-64550.0,3,424250.0,-80650.0
263,2025-11-18,950.0,95.0,-83450.0,-8345.0,0,1,0,3,482450.0,-129550.0,2,297550.0,-62650.0,2,426150.0,-78750.0
264,2025-11-18,-6050.0,-605.0,-89500.0,-8950.0,0,2,0,3,464300.0,-147700.0,2,285450.0,-74750.0,2,414050.0,-90850.0
265,2025-11-19,-10800.0,-1080.0,-100300.0,-10030.0,1,0,0,3,431900.0,-180100.0,2,263850.0,-96350.0,2,392450.0,-112450.0
266,2025-11-19,950.0,95.0,-99350.0,-9935.0,2,0,0,3,434750.0,-177250.0,3,266700.0,-93500.0,3,395300.0,-109600.0
267,2025-11-19,25950.0,2595.0,-73400.0,-7340.0,0,1,0,3,512600.0,-99400.0,2,318600.0,-41600.0,3,473150.0,-31750.0
268,2025-11-20,-8150.0,-815.0,-81550.0,-8155.0,0,2,0,3,488150.0,-123850.0,2,302300.0,-57900.0,2,456850.0,-48050.0
269,2025-11-20,-4350.0,-435.0,-85900.0,-8590.0,1,0,0,3,475100.0,-136900.0,2,293600.0,-66600.0,2,448150.0,-56750.0
270,2025-11-20,31100.0,3110.0,-54800.0,-5480.0,2,0,0,3,568400.0,-43600.0,2,355800.0,-4400.0,2,510350.0,0.0
271,2025-11-22,-2100.0,-210.0,-56900.0,-5690.0,0,1,0,2,564200.0,-47800.0,2,351600.0,-8600.0,2,506150.0,-4200.0
272,2025-11-24,-1300.0,-130.0,-58200.0,-5820.0,1,0,0,2,561600.0,-50400.0,2,349000.0,-11200.0,2,503550.0,-6800.0
273,2025-11-24,16150.0,1615.0,-42050.0,-4205.0,2,0,0,2,593900.0,-18100.0,2,381300.0,0.0,2,535850.0,0.0
274,2025-11-25,1500.0,150.0,-40550.0,-4055.0,0,1,0,2,596900.0,-15100.0,2,384300.0,0.0,2,538850.0,0.0
275,2025-11-25,-7600.0,-760.0,-48150.0,-4815.0,0,2,0,2,581700.0,-30300.0,2,369100.0,-15200.0,2,523650.0,-15200.0
276,2025-11-25,-3300.0,-330.0,-51450.0,-5145.0,1,0,0,2,575100.0,-36900.0,2,362500.0,-21800.0,2,517050.0,-21800.0
277,2025-11-26,9700.0,970.0,-41750.0,-4175.0,2,0,0,2,594500.0,-17500.0,2,381900.0,-2400.0,2,536450.0,-2400.0
278,2025-11-26,-5350.0,-535.0,-47100.0,-4710.0,0,1,0,2,583800.0,-28200.0,2,371200.0,-13100.0,2,525750.0,-13100.0
279,2025-11-26,10650.0,1065.0,-36450.0,-3645.0,1,0,0,2,605100.0,-6900.0,2,392500.0,0.0,2,547050.0,0.0
280,2025-12-01,-400.0,-40.0,-36850.0,-3685.0,0,1,0,2,604300.0,-7700.0,2,391700.0,-800.0,2,546250.0,-800.0
281,2025-12-01,5150.0,515.0,-31700.0,-3170.0,1,0,0,2,614600.0,0.0,2,402000.0,0.0,2,556550.0,0.0
282,2025-12-02,-2900.0,-290.0,-34600.0,-3460.0,0,1,0,2,608800.0,-5800.0,2,396200.0,-5800.0,2,550750.0,-5800.0
283,2025-12-02,7500.0,750.0,-27100.0,-2710.0,1,0,0,2,623800.0,0.0,2,411200.0,0.0,2,565750.0,0.0
284,2025-12-03,-4600.0,-460.0,-31700.0,-3170.0,0,1,0,2,614600.0,-9200.0,2,402000.0,-9200.0,2,556550.0,-9200.0
285,2025-12-03,-8150.0,-815.0,-39850.0,-3985.0,1,0,0,2,598300.0,-25500.0,2,385700.0,-25500.0,2,540250.0,-25500.0
286,2025-12-03,-2150.0,-215.0,-42000.0,-4200.0,2,0,0,2,594000.0,-29800.0,2,381400.0,-29800.0,2,535950.0,-29800.0
287,2025-12-03,-5600.0,-560.0,-47600.0,-4760.0,3,0,0,2,582800.0,-41000.0,2,370200.0,-41000.0,2,524750.0,-41000.0
288,2025-12-03,-4100.0,-410.0,-51700.0,-5170.0,4,0,0,2,574600.0,-49200.0,2,362000.0,-49200.0,2,516550.0,-49200.0
289,2025-12-03,3200.0,320.0,-48500.0,-4850.0,5,0,0,2,581000.0,-42800.0,2,368400.0,-42800.0,2,522950.0,-42800.0
290,2025-12-04,-3100.0,-310.0,-51600.0,-5160.0,0,1,0,2,574800.0,-49000.0,2,362200.0,-49000.0,2,516750.0,-49000.0
291,2025-12-04,-6400.0,-640.0,-58000.0,-5800.0,1,0,0,2,562000.0,-61800.0,2,349400.0,-61800.0,2,503950.0,-61800.0
292,2025-12-04,-6650.0,-665.0,-64650.0,-6465.0,2,0,0,2,548700.0,-75100.0,2,336100.0,-75100.0,2,490650.0,-75100.0
293,2025-12-05,-3400.0,-340.0,-68050.0,-6805.0,3,0,0,2,541900.0,-81900.0,2,329300.0,-81900.0,2,483850.0,-81900.0
294,2025-12-05,-5150.0,-515.0,-73200.0,-7320.0,4,0,0,2,531600.0,-92200.0,2,319000.0,-92200.0,2,473550.0,-92200.0
295,2025-12-05,29850.0,2985.0,-43350.0,-4335.0,5,0,0,3,621150.0,-2650.0,2,378700.0,-32500.0,2,533250.0,-32500.0
296,2025-12-11,13950.0,1395.0,-29400.0,-2940.0,0,1,0,2,649050.0,0.0,2,406600.0,-4600.0,2,561150.0,-4600.0
297,2025-12-11,2500.0,250.0,-26900.0,-2690.0,0,2,0,2,654050.0,0.0,2,411600.0,0.0,2,566150.0,0.0
298,2025-12-12,19200.0,1920.0,-7700.0,-770.0,0,3,0,2,692450.0,0.0,2,450000.0,0.0,2,604550.0,0.0
299,2025-12-15,-700.0,-70.0,-8400.0,-840.0,0,4,0,2,691050.0,-1400.0,2,448600.0,-1400.0,2,603150.0,-1400.0
300,2025-12-15,-7650.0,-765.0,-16050.0,-1605.0,1,0,0,2,675750.0,-16700.0,2,433300.0,-16700.0,2,587850.0,-16700.0
301,2025-12-15,-3550.0,-355.0,-19600.0,-1960.0,2,0,0,2,668650.0,-23800.0,2,426200.0,-23800.0,2,580750.0,-23800.0
302,2025-12-15,18100.0,1810.0,-1500.0,-150.0,3,0,0,2,704850.0,0.0,2,462400.0,0.0,2,616950.0,0.0
303,2025-12-16,-3500.0,-350.0,-5000.0,-500.0,0,1,0,2,697850.0,-7000.0,2,455400.0,-7000.0,2,609950.0,-7000.0
304,2025-12-16,-7900.0,-790.0,-12900.0,-1290.0,1,0,0,2,682050.0,-22800.0,2,439600.0,-22800.0,2,594150.0,-22800.0
305,2025-12-16,-150.0,-15.0,-13050.0,-1305.0,2,0,0,2,681750.0,-23100.0,2,439300.0,-23100.0,2,593850.0,-23100.0
306,2025-12-16,-4350.0,-435.0,-17400.0,-1740.0,3,0,0,2,673050.0,-31800.0,2,430600.0,-31800.0,2,585150.0,-31800.0
307,2025-12-17,-4400.0,-440.0,-21800.0,-2180.0,4,0,0,2,664250.0,-40600.0,2,421800.0,-40600.0,2,576350.0,-40600.0
308,2025-12-17,-9400.0,-940.0,-31200.0,-3120.0,5,0,0,2,645450.0,-59400.0,2,403000.0,-59400.0,2,557550.0,-59400.0
309,2025-12-17,-2200.0,-220.0,-33400.0,-3340.0,6,0,0,2,641050.0,-63800.0,2,398600.0,-63800.0,2,553150.0,-63800.0
310,2025-12-17,13500.0,1350.0,-19900.0,-1990.0,7,0,0,2,668050.0,-36800.0,2,425600.0,-36800.0,2,580150.0,-36800.0
311,2025-12-18,-3200.0,-320.0,-23100.0,-2310.0,0,1,0,2,661650.0,-43200.0,2,419200.0,-43200.0,2,573750.0,-43200.0
312,2025-12-18,-14000.0,-1400.0,-37100.0,-3710.0,1,0,0,2,633650.0,-71200.0,2,391200.0,-71200.0,2,545750.0,-71200.0
313,2025-12-18,36100.0,3610.0,-1000.0,-100.0,2,0,0,2,705850.0,0.0,2,463400.0,0.0,2,617950.0,0.0
314,2025-12-24,-1050.0,-105.0,-2050.0,-205.0,0,1,0,2,703750.0,-2100.0,2,461300.0,-2100.0,2,615850.0,-2100.0
315,2025-12-24,99050.0,9905.0,0.0,0.0,1,0,0,2,901850.0,0.0,2,659400.0,0.0,2,813950.0,0.0
316,2026-01-07,-5750.0,-575.0,-5750.0,-575.0,0,1,1,1,896100.0,-5750.0,1,653650.0,-5750.0,1,808200.0,-5750.0
317,2026-01-07,-10350.0,-1035.0,-16100.0,-1610.0,1,0,2,1,885750.0,-16100.0,1,643300.0,-16100.0,1,797850.0,-16100.0
318,2026-01-07,-5800.0,-580.0,-21900.0,-2190.0,2,0,3,1,879950.0,-21900.0,1,637500.0,-21900.0,1,792050.0,-21900.0
319,2026-01-08,-7100.0,-710.0,-29000.0,-2900.0,3,0,0,1,872850.0,-29000.0,1,630400.0,-29000.0,1,784950.0,-29000.0
320,2026-01-08,-2200.0,-220.0,-31200.0,-3120.0,4,0,0,1,870650.0,-31200.0,1,628200.0,-31200.0,1,782750.0,-31200.0
321,2026-01-08,-1900.0,-190.0,-33100.0,-3310.0,5,0,0,2,866850.0,-35000.0,1,626300.0,-33100.0,1,780850.0,-33100.0
322,2026-01-08,-1400.0,-140.0,-34500.0,-3450.0,6,0,0,2,864050.0,-37800.0,1,624900.0,-34500.0,1,779450.0,-34500.0
323,2026-01-09,13650.0,1365.0,-20850.0,-2085.0,7,0,0,2,891350.0,-10500.0,1,638550.0,-20850.0,1,793100.0,-20850.0
324,2026-01-12,-3100.0,-310.0,-23950.0,-2395.0,0,1,0,2,885150.0,-16700.0,1,635450.0,-23950.0,1,790000.0,-23950.0
325,2026-01-12,5850.0,585.0,-18100.0,-1810.0,1,0,0,2,896850.0,-5000.0,1,641300.0,-18100.0,1,795850.0,-18100.0
326,2026-01-13,-4900.0,-490.0,-23000.0,-2300.0,0,1,0,2,887050.0,-14800.0,1,636400.0,-23000.0,1,790950.0,-23000.0
327,2026-01-13,1150.0,115.0,-21850.0,-2185.0,1,0,0,2,889350.0,-12500.0,1,637550.0,-21850.0,1,792100.0,-21850.0
328,2026-01-14,-300.0,-30.0,-22150.0,-2215.0,0,1,0,2,888750.0,-13100.0,1,637250.0,-22150.0,1,791800.0,-22150.0
329,2026-01-14,-7600.0,-760.0,-29750.0,-2975.0,1,0,0,2,873550.0,-28300.0,1,629650.0,-29750.0,1,784200.0,-29750.0
330,2026-01-14,-2800.0,-280.0,-32550.0,-3255.0,2,0,0,2,867950.0,-33900.0,1,626850.0,-32550.0,1,781400.0,-32550.0
331,2026-01-14,-5050.0,-505.0,-37600.0,-3760.0,3,0,0,2,857850.0,-44000.0,1,621800.0,-37600.0,1,776350.0,-37600.0
332,2026-01-14,-7650.0,-765.0,-45250.0,-4525.0,4,0,0,2,842550.0,-59300.0,1,614150.0,-45250.0,1,768700.0,-45250.0
333,2026-01-15,-7700.0,-770.0,-52950.0,-5295.0,5,0,0,2,827150.0,-74700.0,1,606450.0,-52950.0,2,753300.0,-60650.0
334,2026-01-15,-3250.0,-325.0,-56200.0,-5620.0,6,0,0,2,820650.0,-81200.0,2,599950.0,-59450.0,2,746800.0,-67150.0
335,2026-01-15,21300.0,2130.0,-34900.0,-3490.0,7,0,0,2,863250.0,-38600.0,2,642550.0,-16850.0,2,789400.0,-24550.0
336,2026-01-16,-6700.0,-670.0,-41600.0,-4160.0,0,1,0,2,849850.0,-52000.0,2,629150.0,-30250.0,2,776000.0,-37950.0
337,2026-01-16,-2950.0,-295.0,-44550.0,-4455.0,1,0,0,2,843950.0,-57900.0,2,623250.0,-36150.0,2,770100.0,-43850.0
338,2026-01-16,1850.0,185.0,-42700.0,-4270.0,2,0,0,2,847650.0,-54200.0,2,626950.0,-32450.0,2,773800.0,-40150.0
339,2026-01-19,2850.0,285.0,-39850.0,-3985.0,0,1,0,2,853350.0,-48500.0,2,632650.0,-26750.0,2,779500.0,-34450.0
340,2026-01-20,-4650.0,-465.0,-44500.0,-4450.0,0,2,0,2,844050.0,-57800.0,2,623350.0,-36050.0,2,770200.0,-43750.0
341,2026-01-20,-7950.0,-795.0,-52450.0,-5245.0,1,0,0,2,828150.0,-73700.0,2,607450.0,-51950.0,2,754300.0,-59650.0
342,2026-01-21,-2350.0,-235.0,-54800.0,-5480.0,2,0,0,2,823450.0,-78400.0,2,602750.0,-56650.0,2,749600.0,-64350.0
343,2026-01-21,-1750.0,-175.0,-56550.0,-5655.0,3,0,0,2,819950.0,-81900.0,2,599250.0,-60150.0,2,746100.0,-67850.0
344,2026-01-21,-14950.0,-1495.0,-71500.0,-7150.0,4,0,0,2,790050.0,-111800.0,2,569350.0,-90050.0,2,716200.0,-97750.0
345,2026-01-21,-4500.0,-450.0,-76000.0,-7600.0,5,0,0,3,776550.0,-125300.0,2,560350.0,-99050.0,2,707200.0,-106750.0
346,2026-01-21,-4550.0,-455.0,-80550.0,-8055.0,6,0,0,3,762900.0,-138950.0,2,551250.0,-108150.0,2,698100.0,-115850.0
347,2026-01-21,14400.0,1440.0,-66150.0,-6615.0,7,0,0,3,806100.0,-95750.0,2,580050.0,-79350.0,2,726900.0,-87050.0
348,2026-01-23,-7400.0,-740.0,-73550.0,-7355.0,0,1,0,2,791300.0,-110550.0,2,565250.0,-94150.0,2,712100.0,-101850.0
349,2026-01-23,43650.0,4365.0,-29900.0,-2990.0,1,0,0,3,922250.0,0.0,2,652550.0,-6850.0,2,799400.0,-14550.0
350,2026-01-28,42450.0,4245.0,0.0,0.0,0,1,0,3,1049600.0,0.0,2,737450.0,0.0,2,884300.0,0.0
351,2026-01-30,-2100.0,-210.0,-2100.0,-210.0,0,2,1,1,1047500.0,-2100.0,1,735350.0,-2100.0,1,882200.0,-2100.0
352,2026-01-31,5000.0,500.0,0.0,0.0,1,0,2,1,1052500.0,0.0,1,740350.0,0.0,1,887200.0,0.0
353,2026-02-02,-10200.0,-1020.0,-10200.0,-1020.0,0,1,1,1,1042300.0,-10200.0,1,730150.0,-10200.0,1,877000.0,-10200.0
354,2026-02-02,-10000.0,-1000.0,-20200.0,-2020.0,1,0,2,1,1032300.0,-20200.0,1,720150.0,-20200.0,1,867000.0,-20200.0
355,2026-02-02,14900.0,1490.0,-5300.0,-530.0,2,0,3,1,1047200.0,-5300.0,1,735050.0,-5300.0,1,881900.0,-5300.0
356,2026-02-03,-13000.0,-1300.0,-18300.0,-1830.0,0,1,0,1,1034200.0,-18300.0,1,722050.0,-18300.0,1,868900.0,-18300.0
357,2026-02-03,-4850.0,-485.0,-23150.0,-2315.0,1,0,0,1,1029350.0,-23150.0,1,717200.0,-23150.0,1,864050.0,-23150.0
358,2026-02-03,9750.0,975.0,-13400.0,-1340.0,2,0,0,1,1039100.0,-13400.0,1,726950.0,-13400.0,1,873800.0,-13400.0
359,2026-02-04,12700.0,1270.0,-700.0,-70.0,0,1,0,1,1051800.0,-700.0,1,739650.0,-700.0,1,886500.0,-700.0
360,2026-02-04,-6550.0,-655.0,-7250.0,-725.0,0,2,0,1,1045250.0,-7250.0,1,733100.0,-7250.0,1,879950.0,-7250.0
361,2026-02-04,-7850.0,-785.0,-15100.0,-1510.0,1,0,0,1,1037400.0,-15100.0,1,725250.0,-15100.0,1,872100.0,-15100.0
362,2026-02-04,20850.0,2085.0,0.0,0.0,2,0,0,1,1058250.0,0.0,1,746100.0,0.0,1,892950.0,0.0
363,2026-02-06,-29600.0,-2960.0,-29600.0,-2960.0,0,1,1,1,1028650.0,-29600.0,1,716500.0,-29600.0,1,863350.0,-29600.0
364,2026-02-06,-9450.0,-945.0,-39050.0,-3905.0,1,0,2,1,1019200.0,-39050.0,1,707050.0,-39050.0,1,853900.0,-39050.0
365,2026-02-06,120500.0,12050.0,0.0,0.0,2,0,3,2,1260200.0,0.0,1,827550.0,0.0,1,974400.0,0.0
366,2026-02-23,-6900.0,-690.0,-6900.0,-690.0,0,1,1,1,1253300.0,-6900.0,1,820650.0,-6900.0,1,967500.0,-6900.0
367,2026-02-23,-6450.0,-645.0,-13350.0,-1335.0,1,0,2,1,1246850.0,-13350.0,1,814200.0,-13350.0,1,961050.0,-13350.0
368,2026-02-23,-12600.0,-1260.0,-25950.0,-2595.0,2,0,3,1,1234250.0,-25950.0,1,801600.0,-25950.0,1,948450.0,-25950.0
369,2026-02-24,41900.0,4190.0,0.0,0.0,3,0,0,1,1276150.0,0.0,1,843500.0,0.0,1,990350.0,0.0
370,2026-02-25,-7850.0,-785.0,-7850.0,-785.0,0,1,1,1,1268300.0,-7850.0,1,835650.0,-7850.0,1,982500.0,-7850.0
371,2026-02-25,13700.0,1370.0,0.0,0.0,1,0,2,1,1282000.0,0.0,1,849350.0,0.0,1,996200.0,0.0
372,2026-02-26,32750.0,3275.0,0.0,0.0,0,1,1,1,1314750.0,0.0,1,882100.0,0.0,1,1028950.0,0.0
373,2026-03-02,-8800.0,-880.0,-8800.0,-880.0,0,2,2,1,1305950.0,-8800.0,1,873300.0,-8800.0,1,1020150.0,-8800.0
374,2026-03-02,-9000.0,-900.0,-17800.0,-1780.0,1,0,3,1,1296950.0,-17800.0,1,864300.0,-17800.0,1,1011150.0,-17800.0
375,2026-03-02,2200.0,220.0,-15600.0,-1560.0,2,0,0,1,1299150.0,-15600.0,1,866500.0,-15600.0,1,1013350.0,-15600.0
376,2026-03-03,77900.0,7790.0,0.0,0.0,0,1,0,1,1377050.0,0.0,1,944400.0,0.0,1,1091250.0,0.0
377,2026-03-04,28150.0,2815.0,0.0,0.0,0,2,1,1,1405200.0,0.0,1,972550.0,0.0,1,1119400.0,0.0
378,2026-03-05,14900.0,1490.0,0.0,0.0,0,3,2,1,1420100.0,0.0,1,987450.0,0.0,1,1134300.0,0.0
379,2026-03-05,-17350.0,-1735.0,-17350.0,-1735.0,0,4,3,1,1402750.0,-17350.0,1,970100.0,-17350.0,1,1116950.0,-17350.0
380,2026-03-05,-18150.0,-1815.0,-35500.0,-3550.0,1,0,0,1,1384600.0,-35500.0,1,951950.0,-35500.0,1,1098800.0,-35500.0
381,2026-03-05,-20300.0,-2030.0,-55800.0,-5580.0,2,0,0,2,1344000.0,-76100.0,1,931650.0,-55800.0,1,1078500.0,-55800.0
382,2026-03-05,-18350.0,-1835.0,-74150.0,-7415.0,3,0,0,2,1307300.0,-112800.0,2,894950.0,-92500.0,2,1041800.0,-92500.0
383,2026-03-06,-6050.0,-605.0,-80200.0,-8020.0,4,0,0,3,1289150.0,-130950.0,2,882850.0,-104600.0,2,1029700.0,-104600.0
384,2026-03-06,80700.0,8070.0,0.0,0.0,5,0,0,3,1531250.0,0.0,2,1044250.0,0.0,2,1191100.0,0.0
385,2026-03-09,64500.0,6450.0,0.0,0.0,0,1,1,1,1595750.0,0.0,1,1108750.0,0.0,1,1255600.0,0.0
386,2026-03-10,-6900.0,-690.0,-6900.0,-690.0,0,2,2,1,1588850.0,-6900.0,1,1101850.0,-6900.0,1,1248700.0,-6900.0
387,2026-03-10,-13600.0,-1360.0,-20500.0,-2050.0,1,0,3,1,1575250.0,-20500.0,1,1088250.0,-20500.0,1,1235100.0,-20500.0
388,2026-03-10,-17500.0,-1750.0,-38000.0,-3800.0,2,0,0,1,1557750.0,-38000.0,1,1070750.0,-38000.0,1,1217600.0,-38000.0
389,2026-03-10,-2050.0,-205.0,-40050.0,-4005.0,3,0,0,2,1553650.0,-42100.0,1,1068700.0,-40050.0,1,1215550.0,-40050.0
390,2026-03-11,-11600.0,-1160.0,-51650.0,-5165.0,4,0,0,2,1530450.0,-65300.0,1,1057100.0,-51650.0,2,1192350.0,-63250.0
391,2026-03-11,-7000.0,-700.0,-58650.0,-5865.0,5,0,0,2,1516450.0,-79300.0,2,1043100.0,-65650.0,2,1178350.0,-77250.0
392,2026-03-12,22150.0,2215.0,-36500.0,-3650.0,6,0,0,2,1560750.0,-35000.0,2,1087400.0,-21350.0,2,1222650.0,-32950.0
393,2026-03-13,-6950.0,-695.0,-43450.0,-4345.0,0,1,0,2,1546850.0,-48900.0,2,1073500.0,-35250.0,2,1208750.0,-46850.0
394,2026-03-14,-37100.0,-3710.0,-80550.0,-8055.0,1,0,0,2,1472650.0,-123100.0,2,999300.0,-109450.0,2,1134550.0,-121050.0
395,2026-03-16,-21600.0,-2160.0,-102150.0,-10215.0,2,0,0,3,1407850.0,-187900.0,2,956100.0,-152650.0,2,1091350.0,-164250.0
396,2026-03-16,-19650.0,-1965.0,-121800.0,-12180.0,3,0,0,3,1348900.0,-246850.0,3,897150.0,-211600.0,3,1032400.0,-223200.0
397,2026-03-16,-14650.0,-1465.0,-136450.0,-13645.0,4,0,0,3,1304950.0,-290800.0,3,853200.0,-255550.0,3,988450.0,-267150.0
398,2026-03-16,-14450.0,-1445.0,-150900.0,-15090.0,5,0,0,3,1261600.0,-334150.0,3,809850.0,-298900.0,3,945100.0,-310500.0
399,2026-03-16,30550.0,3055.0,-120350.0,-12035.0,6,0,0,3,1353250.0,-242500.0,3,901500.0,-207250.0,3,1036750.0,-218850.0
400,2026-03-18,-11400.0,-1140.0,-131750.0,-13175.0,0,1,0,3,1319050.0,-276700.0,3,867300.0,-241450.0,3,1002550.0,-253050.0
401,2026-03-18,2250.0,225.0,-129500.0,-12950.0,1,0,0,3,1325800.0,-269950.0,3,874050.0,-234700.0,3,1009300.0,-246300.0
402,2026-03-18,44500.0,4450.0,-85000.0,-8500.0,0,1,0,3,1459300.0,-136450.0,3,1007550.0,-101200.0,3,1142800.0,-112800.0
403,2026-03-20,7550.0,755.0,-77450.0,-7745.0,0,2,0,3,1481950.0,-113800.0,2,1022650.0,-86100.0,2,1157900.0,-97700.0
404,2026-03-20,46450.0,4645.0,-31000.0,-3100.0,0,3,0,3,1621300.0,0.0,2,1115550.0,0.0,2,1250800.0,-4800.0
405,2026-03-23,-12650.0,-1265.0,-43650.0,-4365.0,0,4,0,2,1596000.0,-25300.0,2,1090250.0,-25300.0,2,1225500.0,-30100.0
406,2026-03-23,1950.0,195.0,-41700.0,-4170.0,1,0,0,2,1599900.0,-21400.0,2,1094150.0,-21400.0,2,1229400.0,-26200.0
407,2026-03-23,46150.0,4615.0,0.0,0.0,0,1,0,2,1692200.0,0.0,2,1186450.0,0.0,2,1321700.0,0.0
408,2026-03-23,-15800.0,-1580.0,-15800.0,-1580.0,0,2,1,1,1676400.0,-15800.0,1,1170650.0,-15800.0,1,1305900.0,-15800.0
409,2026-03-25,-4350.0,-435.0,-20150.0,-2015.0,1,0,2,1,1672050.0,-20150.0,1,1166300.0,-20150.0,1,1301550.0,-20150.0
410,2026-03-25,-8500.0,-850.0,-28650.0,-2865.0,2,0,3,1,1663550.0,-28650.0,1,1157800.0,-28650.0,1,1293050.0,-28650.0
411,2026-03-26,200.0,20.0,-28450.0,-2845.0,3,0,0,1,1663750.0,-28450.0,1,1158000.0,-28450.0,1,1293250.0,-28450.0
412,2026-03-26,-9550.0,-955.0,-38000.0,-3800.0,0,1,0,1,1654200.0,-38000.0,1,1148450.0,-38000.0,1,1283700.0,-38000.0
413,2026-03-26,-12000.0,-1200.0,-50000.0,-5000.0,1,0,0,2,1630200.0,-62000.0,1,1136450.0,-50000.0,1,1271700.0,-50000.0
414,2026-03-26,18700.0,1870.0,-31300.0,-3130.0,2,0,0,2,1667600.0,-24600.0,2,1173850.0,-12600.0,2,1309100.0,-12600.0
415,2026-03-26,-300.0,-30.0,-31600.0,-3160.0,0,1,0,2,1667000.0,-25200.0,2,1173250.0,-13200.0,2,1308500.0,-13200.0
416,2026-03-26,17350.0,1735.0,-14250.0,-1425.0,1,0,0,2,1701700.0,0.0,2,1207950.0,0.0,2,1343200.0,0.0
417,2026-03-27,-13200.0,-1320.0,-27450.0,-2745.0,0,1,0,2,1675300.0,-26400.0,2,1181550.0,-26400.0,2,1316800.0,-26400.0
418,2026-03-27,-14050.0,-1405.0,-41500.0,-4150.0,1,0,0,2,1647200.0,-54500.0,2,1153450.0,-54500.0,2,1288700.0,-54500.0
419,2026-03-27,-9400.0,-940.0,-50900.0,-5090.0,2,0,0,2,1628400.0,-73300.0,2,1134650.0,-73300.0,2,1269900.0,-73300.0
420,2026-03-27,39550.0,3955.0,-11350.0,-1135.0,3,0,0,2,1707500.0,0.0,2,1213750.0,0.0,2,1349000.0,0.0
421,2026-03-30,25950.0,2595.0,0.0,0.0,0,1,0,2,1759400.0,0.0,2,1265650.0,0.0,2,1400900.0,0.0
422,2026-03-30,19750.0,1975.0,0.0,0.0,0,2,1,1,1779150.0,0.0,1,1285400.0,0.0,1,1420650.0,0.0
423,2026-03-31,-8300.0,-830.0,-8300.0,-830.0,0,3,2,1,1770850.0,-8300.0,1,1277100.0,-8300.0,1,1412350.0,-8300.0
424,2026-03-31,-19500.0,-1950.0,-27800.0,-2780.0,1,0,3,1,1751350.0,-27800.0,1,1257600.0,-27800.0,1,1392850.0,-27800.0
425,2026-03-31,-11450.0,-1145.0,-39250.0,-3925.0,2,0,0,1,1739900.0,-39250.0,1,1246150.0,-39250.0,1,1381400.0,-39250.0
426,2026-03-31,-11450.0,-1145.0,-50700.0,-5070.0,3,0,0,2,1717000.0,-62150.0,1,1234700.0,-50700.0,1,1369950.0,-50700.0
427,2026-03-31,-9100.0,-910.0,-59800.0,-5980.0,4,0,0,2,1698800.0,-80350.0,2,1216500.0,-68900.0,2,1351750.0,-68900.0
428,2026-03-31,-15250.0,-1525.0,-75050.0,-7505.0,5,0,0,2,1668300.0,-110850.0,2,1186000.0,-99400.0,2,1321250.0,-99400.0
429,2026-04-01,22550.0,2255.0,-52500.0,-5250.0,6,0,0,3,1735950.0,-43200.0,2,1231100.0,-54300.0,2,1366350.0,-54300.0
430,2026-04-01,-10850.0,-1085.0,-63350.0,-6335.0,0,1,0,2,1714250.0,-64900.0,2,1209400.0,-76000.0,2,1344650.0,-76000.0
431,2026-04-01,9000.0,900.0,-54350.0,-5435.0,1,0,0,2,1732250.0,-46900.0,2,1227400.0,-58000.0,2,1362650.0,-58000.0
432,2026-04-02,34900.0,3490.0,-19450.0,-1945.0,0,1,0,2,1802050.0,0.0,2,1297200.0,0.0,2,1432450.0,0.0
433,2026-04-02,19350.0,1935.0,-100.0,-10.0,0,2,0,2,1840750.0,0.0,2,1335900.0,0.0,2,1471150.0,0.0
434,2026-04-07,-20500.0,-2050.0,-20600.0,-2060.0,0,3,0,2,1799750.0,-41000.0,2,1294900.0,-41000.0,2,1430150.0,-41000.0
435,2026-04-07,-17300.0,-1730.0,-37900.0,-3790.0,1,0,0,2,1765150.0,-75600.0,2,1260300.0,-75600.0,2,1395550.0,-75600.0
436,2026-04-07,-8950.0,-895.0,-46850.0,-4685.0,2,0,0,2,1747250.0,-93500.0,2,1242400.0,-93500.0,2,1377650.0,-93500.0
437,2026-04-08,72200.0,7220.0,0.0,0.0,3,0,0,2,1891650.0,0.0,2,1386800.0,0.0,2,1522050.0,0.0
438,2026-04-09,117650.0,11765.0,0.0,0.0,0,1,1,1,2009300.0,0.0,1,1504450.0,0.0,1,1639700.0,0.0
439,2026-04-16,-8100.0,-810.0,-8100.0,-810.0,0,2,2,1,2001200.0,-8100.0,1,1496350.0,-8100.0,1,1631600.0,-8100.0
440,2026-04-16,-10900.0,-1090.0,-19000.0,-1900.0,1,0,3,1,1990300.0,-19000.0,1,1485450.0,-19000.0,1,1620700.0,-19000.0
441,2026-04-16,-7800.0,-780.0,-26800.0,-2680.0,2,0,0,1,1982500.0,-26800.0,1,1477650.0,-26800.0,1,1612900.0,-26800.0
442,2026-04-16,2800.0,280.0,-24000.0,-2400.0,3,0,0,1,1985300.0,-24000.0,1,1480450.0,-24000.0,1,1615700.0,-24000.0
443,2026-04-20,-6800.0,-680.0,-30800.0,-3080.0,0,1,0,1,1978500.0,-30800.0,1,1473650.0,-30800.0,1,1608900.0,-30800.0
