timestamp,action,side,price,pnl,quantity
2024-06-26 15:20:00,enter,bull,22910.0,,1
2024-06-26 18:55:00,exiting,bull,22724.0,-1860.0,1
2024-06-26 18:55:00,enter,bear,22724.0,,1
2024-06-27 08:47:00,exiting,bear,22567.0,1570.0,1
2024-06-27 08:47:00,enter,bull,22567.0,,1
2024-06-28 08:47:00,exiting,bull,22929.0,3620.0,1
2024-06-28 08:47:00,enter,bear,22929.0,,1
2024-06-28 09:47:00,exiting,bear,22963.0,-340.0,1
2024-06-28 09:47:00,enter,bull,22963.0,,1
2024-06-28 20:47:00,exiting,bull,22998.0,350.0,1
2024-06-28 20:47:00,enter,bear,22998.0,,1
2024-07-01 10:16:00,exiting,bear,23161.0,-1630.0,1
2024-07-01 10:16:00,enter,bull,23161.0,,1
2024-07-01 12:29:00,exiting,bull,23015.0,-1460.0,1
2024-07-01 12:29:00,enter,bear,23015.0,,1
2024-07-02 15:02:00,exiting,bear,22815.0,2000.0,1
2024-07-02 15:02:00,enter,bull,22815.0,,1
2024-07-03 09:24:00,exiting,bull,22992.0,1770.0,1
2024-07-03 09:24:00,enter,bear,22992.0,,1
2024-07-03 11:37:00,exiting,bear,23146.0,-1540.0,1
2024-07-03 11:37:00,enter,bull,23146.0,,1
2024-07-05 13:16:00,exiting,bull,23539.0,3930.0,1
2024-07-05 13:16:00,enter,bear,23539.0,,1
2024-07-05 15:02:00,exiting,bear,23570.0,-310.0,1
2024-07-05 15:02:00,enter,bull,23570.0,,1
2024-07-09 10:06:00,exiting,bull,23660.0,900.0,1
2024-07-09 10:06:00,enter,bear,23660.0,,1
2024-07-09 10:31:00,exiting,bear,23872.0,-2120.0,1
2024-07-09 10:31:00,enter,bull,23872.0,,1
2024-07-11 23:02:00,exiting,bull,24129.0,2570.0,1
2024-07-11 23:02:00,enter,bear,24129.0,,1
2024-07-12 08:47:00,exiting,bear,24039.0,900.0,1
2024-07-12 08:47:00,enter,bull,24039.0,,1
2024-07-12 09:01:00,exiting,bull,23883.0,-1560.0,1
2024-07-12 09:01:00,enter,bear,23883.0,,1
2024-07-12 15:02:00,exiting,bear,23830.0,530.0,1
2024-07-12 15:02:00,enter,bull,23830.0,,1
2024-07-15 09:28:00,exiting,bull,23775.0,-550.0,1
2024-07-15 09:28:00,enter,bear,23775.0,,1
2024-07-16 10:01:00,exiting,bear,24032.0,-2570.0,1
2024-07-16 10:01:00,enter,bull,24032.0,,1
2024-07-16 15:02:00,exiting,bull,23980.0,-520.0,1
2024-07-16 15:02:00,enter,bear,23980.0,,1
2024-07-17 03:34:00,exiting,bear,24061.0,-810.0,1
2024-07-17 03:34:00,enter,bull,24061.0,,1
2024-07-17 16:23:00,exiting,bull,23602.0,-4590.0,1
2024-07-17 16:23:00,enter,bear,23602.0,,1
2024-07-18 08:47:00,exiting,bear,23333.0,2690.0,1
2024-07-18 08:47:00,enter,bull,23333.0,,1
2024-07-18 09:03:00,exiting,bull,23204.0,-1290.0,1
2024-07-18 09:03:00,enter,bear,23204.0,,1
2024-07-19 08:47:00,exiting,bear,23135.0,690.0,1
2024-07-19 08:47:00,enter,bull,23135.0,,1
2024-07-19 09:19:00,exiting,bull,23038.0,-970.0,1
2024-07-19 09:19:00,enter,bear,23038.0,,1
2024-07-19 15:02:00,exiting,bear,22918.0,1200.0,1
2024-07-19 15:02:00,enter,bull,22918.0,,1
2024-07-19 16:22:00,exiting,bull,22709.0,-2090.0,1
2024-07-19 16:22:00,enter,bear,22709.0,,1
2024-07-19 19:36:00,exiting,bear,22969.0,-2600.0,1
2024-07-19 19:36:00,enter,bull,22969.0,,1
2024-07-20 03:56:00,exiting,bull,22731.0,-2380.0,1
2024-07-20 03:56:00,enter,bear,22731.0,,1
2024-07-22 15:02:00,exiting,bear,22408.0,3230.0,1
2024-07-22 15:02:00,enter,bull,22408.0,,1
2024-07-23 08:47:00,exiting,bull,22599.0,1910.0,1
2024-07-23 08:47:00,enter,bear,22599.0,,1
2024-07-23 12:11:00,exiting,bear,22846.0,-2470.0,1
2024-07-23 12:11:00,enter,bull,22846.0,,1
2024-07-23 22:46:00,exiting,bull,22705.0,-1410.0,1
2024-07-23 22:46:00,enter,bear,22705.0,,1
2024-07-26 08:47:00,exiting,bear,21987.0,7180.0,1
2024-07-26 08:47:00,enter,bull,21987.0,,1
2024-07-29 09:16:00,exiting,bull,22329.0,3420.0,1
2024-07-29 09:16:00,enter,bear,22329.0,,1
2024-07-30 08:47:00,exiting,bear,21944.0,3850.0,1
2024-07-30 08:47:00,enter,bull,21944.0,,1
2024-07-30 09:49:00,exiting,bull,21866.0,-780.0,1
2024-07-30 09:49:00,enter,bear,21866.0,,1
2024-07-30 11:45:00,exiting,bear,22036.0,-1700.0,1
2024-07-30 11:45:00,enter,bull,22036.0,,1
2024-07-30 22:38:00,exiting,bull,22032.0,-40.0,1
2024-07-30 22:38:00,enter,bear,22032.0,,1
2024-07-31 08:47:00,exiting,bear,22080.0,-480.0,1
2024-07-31 08:47:00,enter,bull,22080.0,,1
2024-08-01 08:47:00,exiting,bull,22716.0,6360.0,1
2024-08-01 08:47:00,enter,bear,22716.0,,1
2024-08-02 15:02:00,exiting,bear,21513.0,12030.0,1
2024-08-02 15:02:00,enter,bull,21513.0,,1
2024-08-02 20:42:00,exiting,bull,21095.0,-4180.0,1
2024-08-02 20:42:00,enter,bear,21095.0,,1
2024-08-05 15:02:00,exiting,bear,19397.0,16980.0,1
2024-08-05 15:02:00,enter,bull,19397.0,,1
2024-08-05 20:13:00,exiting,bull,19171.0,-2260.0,1
2024-08-05 20:13:00,enter,bear,19171.0,,1
2024-08-05 22:03:00,exiting,bear,19806.0,-6350.0,1
2024-08-05 22:03:00,enter,bull,19806.0,,1
2024-08-06 09:34:00,exiting,bull,20115.0,3090.0,1
2024-08-06 09:34:00,enter,bear,20115.0,,1
2024-08-06 11:23:00,exiting,bear,20408.0,-2930.0,1
2024-08-06 11:23:00,enter,bull,20408.0,,1
2024-08-07 08:47:00,exiting,bull,20598.0,1900.0,1
2024-08-07 08:47:00,enter,bear,20598.0,,1
2024-08-07 09:46:00,exiting,bear,21040.0,-4420.0,1
2024-08-07 09:46:00,enter,bull,21040.0,,1
2024-08-08 01:10:00,exiting,bull,21015.0,-250.0,1
2024-08-08 01:10:00,enter,bear,21015.0,,1
2024-08-08 08:56:00,exiting,bear,20770.0,2450.0,1
2024-08-08 08:56:00,enter,bull,20770.0,,1
2024-08-09 08:47:00,exiting,bull,21215.0,4450.0,1
2024-08-09 08:47:00,enter,bear,21215.0,,1
2024-08-09 10:32:00,exiting,bear,21529.0,-3140.0,1
2024-08-09 10:32:00,enter,bull,21529.0,,1
2024-08-13 10:15:00,exiting,bull,21696.0,1670.0,1
2024-08-13 10:15:00,enter,bear,21696.0,,1
2024-08-13 23:01:00,exiting,bear,21913.0,-2170.0,1
2024-08-13 23:01:00,enter,bull,21913.0,,1
2024-08-14 08:47:00,exiting,bull,22044.0,1310.0,1
2024-08-14 08:47:00,enter,bear,22044.0,,1
2024-08-14 09:35:00,exiting,bear,22078.0,-340.0,1
2024-08-14 09:35:00,enter,bull,22078.0,,1
2024-08-14 21:45:00,exiting,bull,21898.0,-1800.0,1
2024-08-14 21:45:00,enter,bear,21898.0,,1
2024-08-14 23:40:00,exiting,bear,22000.0,-1020.0,1
2024-08-14 23:40:00,enter,bull,22000.0,,1
2024-08-15 09:29:00,exiting,bull,21919.0,-810.0,1
2024-08-15 09:29:00,enter,bear,21919.0,,1
2024-08-15 15:02:00,exiting,bear,21854.0,650.0,1
2024-08-15 15:02:00,enter,bull,21854.0,,1
2024-08-20 11:27:00,exiting,bull,22450.0,5960.0,1
2024-08-20 11:27:00,enter,bear,22450.0,,1
2024-08-21 08:47:00,exiting,bear,22290.0,1600.0,1
2024-08-21 08:47:00,enter,bull,22290.0,,1
2024-08-22 09:46:00,exiting,bull,22153.0,-1370.0,1
2024-08-22 09:46:00,enter,bear,22153.0,,1
2024-08-23 08:47:00,exiting,bear,21935.0,2180.0,1
2024-08-23 08:47:00,enter,bull,21935.0,,1
2024-08-26 11:38:00,exiting,bull,22255.0,3200.0,1
2024-08-26 11:38:00,enter,bear,22255.0,,1
2024-08-26 15:02:00,exiting,bear,22211.0,440.0,1
2024-08-26 15:02:00,enter,bull,22211.0,,1
2024-08-26 22:32:00,exiting,bull,22095.0,-1160.0,1
2024-08-26 22:32:00,enter,bear,22095.0,,1
2024-08-27 13:15:00,exiting,bear,22199.0,-1040.0,1
2024-08-27 13:15:00,enter,bull,22199.0,,1
2024-08-27 21:05:00,exiting,bull,22121.0,-780.0,1
2024-08-27 21:05:00,enter,bear,22121.0,,1
2024-08-28 12:11:00,exiting,bear,22289.0,-1680.0,1
2024-08-28 12:11:00,enter,bull,22289.0,,1
2024-08-28 23:11:00,exiting,bull,22279.0,-100.0,1
2024-08-28 23:11:00,enter,bear,22279.0,,1
2024-08-29 11:06:00,exiting,bear,22170.0,1090.0,1
2024-08-29 11:06:00,enter,bull,22170.0,,1
2024-08-30 02:48:00,exiting,bull,22223.0,530.0,1
2024-08-30 02:48:00,enter,bear,22223.0,,1
2024-08-30 15:02:00,exiting,bear,22315.0,-920.0,1
2024-08-30 15:02:00,enter,bull,22315.0,,1
2024-08-30 22:45:00,exiting,bull,22250.0,-650.0,1
2024-08-30 22:45:00,enter,bear,22250.0,,1
2024-09-03 15:02:00,exiting,bear,22114.0,1360.0,1
2024-09-03 15:02:00,enter,bull,22114.0,,1
2024-09-03 16:54:00,exiting,bull,22055.0,-590.0,1
2024-09-03 16:54:00,enter,bear,22055.0,,1
2024-09-04 15:02:00,exiting,bear,20972.0,10830.0,1
2024-09-04 15:02:00,enter,bull,20972.0,,1
2024-09-05 08:47:00,exiting,bull,21284.0,3120.0,1
2024-09-05 08:47:00,enter,bear,21284.0,,1
2024-09-05 15:02:00,exiting,bear,21182.0,1020.0,1
2024-09-05 15:02:00,enter,bull,21182.0,,1
2024-09-05 20:07:00,exiting,bull,21251.0,690.0,1
2024-09-05 20:07:00,enter,bear,21251.0,,1
2024-09-06 10:05:00,exiting,bear,21388.0,-1370.0,1
2024-09-06 10:05:00,enter,bull,21388.0,,1
2024-09-06 22:01:00,exiting,bull,21139.0,-2490.0,1
2024-09-06 22:01:00,enter,bear,21139.0,,1
2024-09-09 08:47:00,exiting,bear,20619.0,5200.0,1
2024-09-09 08:47:00,enter,bull,20619.0,,1
2024-09-10 08:47:00,exiting,bull,21237.0,6180.0,1
2024-09-10 08:47:00,enter,bear,21237.0,,1
2024-09-10 15:02:00,exiting,bear,21014.0,2230.0,1
2024-09-10 15:02:00,enter,bull,21014.0,,1
2024-09-10 23:51:00,exiting,bull,20901.0,-1130.0,1
2024-09-10 23:51:00,enter,bear,20901.0,,1
2024-09-12 00:30:00,exiting,bear,21298.0,-3970.0,1
2024-09-12 00:30:00,enter,bull,21298.0,,1
2024-09-16 10:56:00,exiting,bull,21749.0,4510.0,1
2024-09-16 10:56:00,enter,bear,21749.0,,1
2024-09-18 08:47:00,exiting,bear,21742.0,70.0,1
2024-09-18 08:47:00,enter,bull,21742.0,,1
2024-09-20 11:07:00,exiting,bull,22224.0,4820.0,1
2024-09-20 11:07:00,enter,bear,22224.0,,1
2024-09-20 15:02:00,exiting,bear,22206.0,180.0,1
2024-09-20 15:02:00,enter,bull,22206.0,,1
2024-09-24 10:01:00,exiting,bull,22201.0,-50.0,1
2024-09-24 10:01:00,enter,bear,22201.0,,1
2024-09-24 12:14:00,exiting,bear,22353.0,-1520.0,1
2024-09-24 12:14:00,enter,bull,22353.0,,1
2024-09-26 13:06:00,exiting,bull,22895.0,5420.0,1
2024-09-26 13:06:00,enter,bear,22895.0,,1
2024-09-26 16:32:00,exiting,bear,23157.0,-2620.0,1
2024-09-26 16:32:00,enter,bull,23157.0,,1
2024-09-27 08:47:00,exiting,bull,23170.0,130.0,1
2024-09-27 08:47:00,enter,bear,23170.0,,1
2024-09-27 15:02:00,exiting,bear,22847.0,3230.0,1
2024-09-27 15:02:00,enter,bull,22847.0,,1
2024-09-28 03:16:00,exiting,bull,22684.0,-1630.0,1
2024-09-28 03:16:00,enter,bear,22684.0,,1
2024-09-30 08:47:00,exiting,bear,22683.0,10.0,1
2024-09-30 08:47:00,enter,bull,22683.0,,1
2024-09-30 10:36:00,exiting,bull,22470.0,-2130.0,1
2024-09-30 10:36:00,enter,bear,22470.0,,1
2024-09-30 15:02:00,exiting,bear,22350.0,1200.0,1
2024-09-30 15:02:00,enter,bull,22350.0,,1
2024-10-01 02:24:00,exiting,bull,22024.0,-3260.0,1
2024-10-01 02:24:00,enter,bear,22024.0,,1
2024-10-04 20:45:00,exiting,bear,22532.0,-5080.0,1
2024-10-04 20:45:00,enter,bull,22532.0,,1
2024-10-07 08:47:00,exiting,bull,22573.0,410.0,1
2024-10-07 08:47:00,enter,bear,22573.0,,1
2024-10-07 09:23:00,exiting,bear,22768.0,-1950.0,1
2024-10-07 09:23:00,enter,bull,22768.0,,1
2024-10-07 19:01:00,exiting,bull,22532.0,-2360.0,1
2024-10-07 19:01:00,enter,bear,22532.0,,1
2024-10-09 00:00:00,exiting,bear,22804.0,-2720.0,1
2024-10-09 00:00:00,enter,bull,22804.0,,1
2024-10-09 08:47:00,exiting,bull,22776.0,-280.0,1
2024-10-09 08:47:00,enter,bear,22776.0,,1
2024-10-11 09:30:00,exiting,bear,22988.0,-2120.0,1
2024-10-11 09:30:00,enter,bull,22988.0,,1
2024-10-11 12:53:00,exiting,bull,22878.0,-1100.0,1
2024-10-11 12:53:00,enter,bear,22878.0,,1
2024-10-11 22:15:00,exiting,bear,22971.0,-930.0,1
2024-10-11 22:15:00,enter,bull,22971.0,,1
2024-10-14 09:11:00,exiting,bull,22839.0,-1320.0,1
2024-10-14 09:11:00,enter,bear,22839.0,,1
2024-10-15 10:00:00,exiting,bear,23319.0,-4800.0,1
2024-10-15 10:00:00,enter,bull,23319.0,,1
2024-10-15 21:40:00,exiting,bull,23106.0,-2130.0,1
2024-10-15 21:40:00,enter,bear,23106.0,,1
2024-10-16 21:04:00,exiting,bear,23215.0,-1090.0,1
2024-10-16 21:04:00,enter,bull,23215.0,,1
2024-10-17 10:42:00,exiting,bull,23015.0,-2000.0,1
2024-10-17 10:42:00,enter,bear,23015.0,,1
2024-10-17 13:07:00,exiting,bear,23226.0,-2110.0,1
2024-10-17 13:07:00,enter,bull,23226.0,,1
2024-10-18 09:24:00,exiting,bull,23659.0,4330.0,1
2024-10-18 09:24:00,enter,bear,23659.0,,1
2024-10-18 15:02:00,exiting,bear,23725.0,-660.0,1
2024-10-18 15:02:00,enter,bull,23725.0,,1
2024-10-19 02:09:00,exiting,bull,23712.0,-130.0,1
2024-10-19 02:09:00,enter,bear,23712.0,,1
2024-10-25 08:47:00,exiting,bear,23291.0,4210.0,1
2024-10-25 08:47:00,enter,bull,23291.0,,1
2024-10-28 08:47:00,exiting,bull,23633.0,3420.0,1
2024-10-28 08:47:00,enter,bear,23633.0,,1
2024-10-29 08:47:00,exiting,bear,23111.0,5220.0,1
2024-10-29 08:47:00,enter,bull,23111.0,,1
2024-10-29 09:08:00,exiting,bull,22961.0,-1500.0,1
2024-10-29 09:08:00,enter,bear,22961.0,,1
2024-11-01 08:47:00,exiting,bear,22365.0,5960.0,1
2024-11-01 08:47:00,enter,bull,22365.0,,1
2024-11-04 22:37:00,exiting,bull,22868.0,5030.0,1
2024-11-04 22:37:00,enter,bear,22868.0,,1
2024-11-05 08:47:00,exiting,bear,22805.0,630.0,1
2024-11-05 08:47:00,enter,bull,22805.0,,1
2024-11-06 19:50:00,exiting,bull,23227.0,4220.0,1
2024-11-06 19:50:00,enter,bear,23227.0,,1
2024-11-07 09:14:00,exiting,bear,23392.0,-1650.0,1
2024-11-07 09:14:00,enter,bull,23392.0,,1
2024-11-07 15:02:00,exiting,bull,23538.0,1460.0,1
2024-11-07 15:02:00,enter,bear,23538.0,,1
2024-11-07 21:05:00,exiting,bear,23580.0,-420.0,1
2024-11-07 21:05:00,enter,bull,23580.0,,1
2024-11-08 11:45:00,exiting,bull,23588.0,80.0,1
2024-11-08 11:45:00,enter,bear,23588.0,,1
2024-11-08 13:42:00,exiting,bear,23784.0,-1960.0,1
2024-11-08 13:42:00,enter,bull,23784.0,,1
2024-11-08 23:05:00,exiting,bull,23517.0,-2670.0,1
2024-11-08 23:05:00,enter,bear,23517.0,,1
2024-11-11 08:47:00,exiting,bear,23563.0,-460.0,1
2024-11-11 08:47:00,enter,bull,23563.0,,1
2024-11-11 09:07:00,exiting,bull,23464.0,-990.0,1
2024-11-11 09:07:00,enter,bear,23464.0,,1
2024-11-11 13:29:00,exiting,bear,23626.0,-1620.0,1
2024-11-11 13:29:00,enter,bull,23626.0,,1
2024-11-11 15:02:00,exiting,bull,23527.0,-990.0,1
2024-11-11 15:02:00,enter,bear,23527.0,,1
2024-11-12 08:47:00,exiting,bear,23000.0,5270.0,1
2024-11-12 08:47:00,enter,bull,23000.0,,1
2024-11-12 10:50:00,exiting,bull,23037.0,370.0,1
2024-11-12 10:50:00,enter,bear,23037.0,,1
2024-11-12 15:02:00,exiting,bear,22887.0,1500.0,1
2024-11-12 15:02:00,enter,bull,22887.0,,1
2024-11-12 18:15:00,exiting,bull,22590.0,-2970.0,1
2024-11-12 18:15:00,enter,bear,22590.0,,1
2024-11-13 08:47:00,exiting,bear,22753.0,-1630.0,1
2024-11-13 08:47:00,enter,bull,22753.0,,1
2024-11-13 13:40:00,exiting,bull,22795.0,420.0,1
2024-11-13 13:40:00,enter,bear,22795.0,,1
2024-11-14 08:47:00,exiting,bear,22829.0,-340.0,1
2024-11-14 08:47:00,enter,bull,22829.0,,1
2024-11-14 10:11:00,exiting,bull,22699.0,-1300.0,1
2024-11-14 10:11:00,enter,bear,22699.0,,1
2024-11-15 15:02:00,exiting,bear,22731.0,-320.0,1
2024-11-15 15:02:00,enter,bull,22731.0,,1
2024-11-15 23:14:00,exiting,bull,22621.0,-1100.0,1
2024-11-15 23:14:00,enter,bear,22621.0,,1
2024-11-18 08:47:00,exiting,bear,22650.0,-290.0,1
2024-11-18 08:47:00,enter,bull,22650.0,,1
2024-11-18 10:44:00,exiting,bull,22571.0,-790.0,1
2024-11-18 10:44:00,enter,bear,22571.0,,1
2024-11-19 11:20:00,exiting,bear,22882.0,-3110.0,1
2024-11-19 11:20:00,enter,bull,22882.0,,1
2024-11-19 13:44:00,exiting,bull,22847.0,-350.0,1
2024-11-19 13:44:00,enter,bear,22847.0,,1
2024-11-21 08:47:00,exiting,bear,22671.0,1760.0,1
2024-11-21 08:47:00,enter,bull,22671.0,,1
2024-11-25 23:02:00,exiting,bull,22850.0,1790.0,1
2024-11-25 23:02:00,enter,bear,22850.0,,1
2024-11-27 08:47:00,exiting,bear,22566.0,2840.0,1
2024-11-27 08:47:00,enter,bull,22566.0,,1
2024-11-27 11:29:00,exiting,bull,22510.0,-560.0,1
2024-11-27 11:29:00,enter,bear,22510.0,,1
2024-11-29 11:16:00,exiting,bear,22397.0,1130.0,1
2024-11-29 11:16:00,enter,bull,22397.0,,1
2024-12-02 08:47:00,exiting,bull,22504.0,1070.0,1
2024-12-02 08:47:00,enter,bear,22504.0,,1
2024-12-02 09:18:00,exiting,bear,22676.0,-1720.0,1
2024-12-02 09:18:00,enter,bull,22676.0,,1
2024-12-03 08:47:00,exiting,bull,23152.0,4760.0,1
2024-12-03 08:47:00,enter,bear,23152.0,,1
2024-12-04 02:08:00,exiting,bear,23096.0,560.0,1
2024-12-04 02:08:00,enter,bull,23096.0,,1
2024-12-04 08:47:00,exiting,bull,23197.0,1010.0,1
2024-12-04 08:47:00,enter,bear,23197.0,,1
2024-12-04 12:57:00,exiting,bear,23245.0,-480.0,1
2024-12-04 12:57:00,enter,bull,23245.0,,1
2024-12-06 09:48:00,exiting,bull,23242.0,-30.0,1
2024-12-06 09:48:00,enter,bear,23242.0,,1
2024-12-06 15:02:00,exiting,bear,23209.0,330.0,1
2024-12-06 15:02:00,enter,bull,23209.0,,1
2024-12-09 08:47:00,exiting,bull,23227.0,180.0,1
2024-12-09 08:47:00,enter,bear,23227.0,,1
2024-12-09 16:03:00,exiting,bear,23422.0,-1950.0,1
2024-12-09 16:03:00,enter,bull,23422.0,,1
2024-12-10 03:43:00,exiting,bull,23260.0,-1620.0,1
2024-12-10 03:43:00,enter,bear,23260.0,,1
2024-12-10 08:47:00,exiting,bear,23208.0,520.0,1
2024-12-10 08:47:00,enter,bull,23208.0,,1
2024-12-10 09:42:00,exiting,bull,23133.0,-750.0,1
2024-12-10 09:42:00,enter,bear,23133.0,,1
2024-12-11 09:53:00,exiting,bear,23040.0,930.0,1
2024-12-11 09:53:00,enter,bull,23040.0,,1
2024-12-11 12:25:00,exiting,bull,22879.0,-1610.0,1
2024-12-11 12:25:00,enter,bear,22879.0,,1
2024-12-12 09:26:00,exiting,bear,23201.0,-3220.0,1
2024-12-12 09:26:00,enter,bull,23201.0,,1
2024-12-12 13:27:00,exiting,bull,23068.0,-1330.0,1
2024-12-12 13:27:00,enter,bear,23068.0,,1
2024-12-13 10:29:00,exiting,bear,23055.0,130.0,1
2024-12-13 10:29:00,enter,bull,23055.0,,1
2024-12-16 10:22:00,exiting,bull,23145.0,900.0,1
2024-12-16 10:22:00,enter,bear,23145.0,,1
2024-12-16 15:02:00,exiting,bear,22990.0,1550.0,1
2024-12-16 15:02:00,enter,bull,22990.0,,1
2024-12-17 10:29:00,exiting,bull,23127.0,1370.0,1
2024-12-17 10:29:00,enter,bear,23127.0,,1
2024-12-18 08:47:00,exiting,bear,22940.0,1870.0,1
2024-12-18 08:47:00,enter,bull,22940.0,,1
2024-12-19 03:31:00,exiting,bull,23131.0,1910.0,1
2024-12-19 03:31:00,enter,bear,23131.0,,1
2024-12-19 08:46:00,exiting,bear,22761.0,3700.0,1
2024-12-19 08:46:00,enter,bull,22761.0,,1
2024-12-19 23:07:00,exiting,bull,22836.0,750.0,1
2024-12-19 23:07:00,enter,bear,22836.0,,1
2024-12-20 08:47:00,exiting,bear,22756.0,800.0,1
2024-12-20 08:47:00,enter,bull,22756.0,,1
2024-12-20 10:00:00,exiting,bull,22692.0,-640.0,1
2024-12-20 10:00:00,enter,bear,22692.0,,1
2024-12-20 15:02:00,exiting,bear,22699.0,-70.0,1
2024-12-20 15:02:00,enter,bull,22699.0,,1
2024-12-20 18:30:00,exiting,bull,22563.0,-1360.0,1
2024-12-20 18:30:00,enter,bear,22563.0,,1
2024-12-20 23:31:00,exiting,bear,22821.0,-2580.0,1
2024-12-20 23:31:00,enter,bull,22821.0,,1
2024-12-24 08:47:00,exiting,bull,23425.0,6040.0,1
2024-12-24 08:47:00,enter,bear,23425.0,,1
2024-12-24 15:02:00,exiting,bear,23230.0,1950.0,1
2024-12-24 15:02:00,enter,bull,23230.0,,1
2024-12-25 08:47:00,exiting,bull,23330.0,1000.0,1
2024-12-25 08:47:00,enter,bear,23330.0,,1
2024-12-27 10:23:00,exiting,bear,23300.0,300.0,1
2024-12-27 10:23:00,enter,bull,23300.0,,1
2024-12-27 23:01:00,exiting,bull,23171.0,-1290.0,1
2024-12-27 23:01:00,enter,bear,23171.0,,1
2024-12-30 09:50:00,exiting,bear,23322.0,-1510.0,1
2024-12-30 09:50:00,enter,bull,23322.0,,1
2024-12-30 13:34:00,exiting,bull,23165.0,-1570.0,1
2024-12-30 13:34:00,enter,bear,23165.0,,1
2024-12-31 08:47:00,exiting,bear,23020.0,1450.0,1
2024-12-31 08:47:00,enter,bull,23020.0,,1
2025-01-01 01:38:00,exiting,bull,23000.0,-200.0,1
2025-01-01 01:38:00,enter,bear,23000.0,,1
2025-01-02 08:47:00,exiting,bear,22952.0,480.0,1
2025-01-02 08:47:00,enter,bull,22952.0,,1
2025-01-02 09:35:00,exiting,bull,22876.0,-760.0,1
2025-01-02 09:35:00,enter,bear,22876.0,,1
2025-01-03 11:07:00,exiting,bear,23096.0,-2200.0,1
2025-01-03 11:07:00,enter,bull,23096.0,,1
2025-01-07 08:47:00,exiting,bull,23906.0,8100.0,1
2025-01-07 08:47:00,enter,bear,23906.0,,1
2025-01-07 15:02:00,exiting,bear,23775.0,1310.0,1
2025-01-07 15:02:00,enter,bull,23775.0,,1
2025-01-07 23:40:00,exiting,bull,23588.0,-1870.0,1
2025-01-07 23:40:00,enter,bear,23588.0,,1
2025-01-08 08:47:00,exiting,bear,23553.0,350.0,1
2025-01-08 08:47:00,enter,bull,23553.0,,1
2025-01-08 12:35:00,exiting,bull,23475.0,-780.0,1
2025-01-08 12:35:00,enter,bear,23475.0,,1
2025-01-08 15:02:00,exiting,bear,23407.0,680.0,1
2025-01-08 15:02:00,enter,bull,23407.0,,1
2025-01-08 19:42:00,exiting,bull,23289.0,-1180.0,1
2025-01-08 19:42:00,enter,bear,23289.0,,1
2025-01-09 08:47:00,exiting,bear,23285.0,40.0,1
2025-01-09 08:47:00,enter,bull,23285.0,,1
2025-01-09 12:09:00,exiting,bull,23215.0,-700.0,1
2025-01-09 12:09:00,enter,bear,23215.0,,1
2025-01-10 08:47:00,exiting,bear,23043.0,1720.0,1
2025-01-10 08:47:00,enter,bull,23043.0,,1
2025-01-10 10:04:00,exiting,bull,23008.0,-350.0,1
2025-01-10 10:04:00,enter,bear,23008.0,,1
2025-01-13 08:47:00,exiting,bear,22938.0,700.0,1
2025-01-13 08:47:00,enter,bull,22938.0,,1
2025-01-13 09:06:00,exiting,bull,22845.0,-930.0,1
2025-01-13 09:06:00,enter,bear,22845.0,,1
2025-01-14 09:11:00,exiting,bear,22646.0,1990.0,1
2025-01-14 09:11:00,enter,bull,22646.0,,1
2025-01-14 23:57:00,exiting,bull,22645.0,-10.0,1
2025-01-14 23:57:00,enter,bear,22645.0,,1
2025-01-15 15:02:00,exiting,bear,22537.0,1080.0,1
2025-01-15 15:02:00,enter,bull,22537.0,,1
2025-01-17 09:04:00,exiting,bull,23170.0,6330.0,1
2025-01-17 09:04:00,enter,bear,23170.0,,1
2025-01-17 13:31:00,exiting,bear,23181.0,-110.0,1
2025-01-17 13:31:00,enter,bull,23181.0,,1
2025-01-22 08:47:00,exiting,bull,23595.0,4140.0,1
2025-01-22 08:47:00,enter,bear,23595.0,,1
2025-01-22 10:18:00,exiting,bear,23717.0,-1220.0,1
2025-01-22 10:18:00,enter,bull,23717.0,,1
2025-02-04 09:08:00,exiting,bull,22845.0,-8720.0,1
2025-02-04 09:08:00,enter,bear,22845.0,,1
2025-02-04 23:06:00,exiting,bear,22998.0,-1530.0,1
2025-02-04 23:06:00,enter,bull,22998.0,,1
2025-02-06 08:47:00,exiting,bull,23346.0,3480.0,1
2025-02-06 08:47:00,enter,bear,23346.0,,1
2025-02-07 10:26:00,exiting,bear,23402.0,-560.0,1
2025-02-07 10:26:00,enter,bull,23402.0,,1
2025-02-11 10:07:00,exiting,bull,23410.0,80.0,1
2025-02-11 10:07:00,enter,bear,23410.0,,1
2025-02-11 15:02:00,exiting,bear,23326.0,840.0,1
2025-02-11 15:02:00,enter,bull,23326.0,,1
2025-02-12 08:47:00,exiting,bull,23441.0,1150.0,1
2025-02-12 08:47:00,enter,bear,23441.0,,1
2025-02-12 20:31:00,exiting,bear,23424.0,170.0,1
2025-02-12 20:31:00,enter,bull,23424.0,,1
2025-02-13 09:23:00,exiting,bull,23281.0,-1430.0,1
2025-02-13 09:23:00,enter,bear,23281.0,,1
2025-02-14 00:01:00,exiting,bear,23343.0,-620.0,1
2025-02-14 00:01:00,enter,bull,23343.0,,1
2025-02-14 08:46:00,exiting,bull,23324.0,-190.0,1
2025-02-14 08:46:00,enter,bear,23324.0,,1
2025-02-14 09:07:00,exiting,bear,23237.0,870.0,1
2025-02-14 09:07:00,enter,bull,23237.0,,1
2025-02-14 15:01:00,exiting,bull,23191.0,-460.0,1
2025-02-14 15:01:00,enter,bear,23191.0,,1
2025-02-14 17:49:00,exiting,bear,23088.0,1030.0,1
2025-02-14 17:49:00,enter,bull,23088.0,,1
2025-02-20 09:49:00,exiting,bull,23400.0,3120.0,1
2025-02-20 09:49:00,enter,bear,23400.0,,1
2025-02-20 11:38:00,exiting,bear,23548.0,-1480.0,1
2025-02-20 11:38:00,enter,bull,23548.0,,1
2025-02-22 01:50:00,exiting,bull,23584.0,360.0,1
2025-02-22 01:50:00,enter,bear,23584.0,,1
2025-02-24 08:47:00,exiting,bear,23510.0,740.0,1
2025-02-24 08:47:00,enter,bull,23510.0,,1
2025-02-24 22:53:00,exiting,bull,23446.0,-640.0,1
2025-02-24 22:53:00,enter,bear,23446.0,,1
2025-02-25 08:47:00,exiting,bear,23228.0,2180.0,1
2025-02-25 08:47:00,enter,bull,23228.0,,1
2025-02-25 23:15:00,exiting,bull,23132.0,-960.0,1
2025-02-25 23:15:00,enter,bear,23132.0,,1
2025-02-26 08:47:00,exiting,bear,23149.0,-170.0,1
2025-02-26 08:47:00,enter,bull,23149.0,,1
2025-02-27 02:57:00,exiting,bull,23341.0,1920.0,1
2025-02-27 02:57:00,enter,bear,23341.0,,1
2025-02-27 08:47:00,exiting,bear,23405.0,-640.0,1
2025-02-27 08:47:00,enter,bull,23405.0,,1
2025-02-27 10:04:00,exiting,bull,23319.0,-860.0,1
2025-02-27 10:04:00,enter,bear,23319.0,,1
2025-03-03 08:47:00,exiting,bear,22728.0,5910.0,1
2025-03-03 08:47:00,enter,bull,22728.0,,1
2025-03-03 11:15:00,exiting,bull,22653.0,-750.0,1
2025-03-03 11:15:00,enter,bear,22653.0,,1
2025-03-04 08:47:00,exiting,bear,22218.0,4350.0,1
2025-03-04 08:47:00,enter,bull,22218.0,,1
2025-03-04 18:03:00,exiting,bull,22455.0,2370.0,1
2025-03-04 18:03:00,enter,bear,22455.0,,1
2025-03-05 03:09:00,exiting,bear,22701.0,-2460.0,1
2025-03-05 03:09:00,enter,bull,22701.0,,1
2025-03-05 15:02:00,exiting,bull,22909.0,2080.0,1
2025-03-05 15:02:00,enter,bear,22909.0,,1
2025-03-06 15:02:00,exiting,bear,22769.0,1400.0,1
2025-03-06 15:02:00,enter,bull,22769.0,,1
2025-03-06 22:31:00,exiting,bull,22535.0,-2340.0,1
2025-03-06 22:31:00,enter,bear,22535.0,,1
2025-03-07 08:47:00,exiting,bear,22510.0,250.0,1
2025-03-07 08:47:00,enter,bull,22510.0,,1
2025-03-07 22:37:00,exiting,bull,22405.0,-1050.0,1
2025-03-07 22:37:00,enter,bear,22405.0,,1
2025-03-11 08:47:00,exiting,bear,21916.0,4890.0,1
2025-03-11 08:47:00,enter,bull,21916.0,,1
2025-03-11 22:26:00,exiting,bull,21954.0,380.0,1
2025-03-11 22:26:00,enter,bear,21954.0,,1
2025-03-12 09:46:00,exiting,bear,22188.0,-2340.0,1
2025-03-12 09:46:00,enter,bull,22188.0,,1
2025-03-13 08:47:00,exiting,bull,22436.0,2480.0,1
2025-03-13 08:47:00,enter,bear,22436.0,,1
2025-03-14 15:02:00,exiting,bear,21950.0,4860.0,1
2025-03-14 15:02:00,enter,bull,21950.0,,1
2025-03-17 08:47:00,exiting,bull,22184.0,2340.0,1
2025-03-17 08:47:00,enter,bear,22184.0,,1
2025-03-17 15:02:00,exiting,bear,22133.0,510.0,1
2025-03-17 15:02:00,enter,bull,22133.0,,1
2025-03-18 08:47:00,exiting,bull,22361.0,2280.0,1
2025-03-18 08:47:00,enter,bear,22361.0,,1
2025-03-19 15:02:00,exiting,bear,22027.0,3340.0,1
2025-03-19 15:02:00,enter,bull,22027.0,,1
2025-03-20 08:47:00,exiting,bull,22235.0,2080.0,1
2025-03-20 08:47:00,enter,bear,22235.0,,1
2025-03-20 11:17:00,exiting,bear,22380.0,-1450.0,1
2025-03-20 11:17:00,enter,bull,22380.0,,1
2025-03-21 08:47:00,exiting,bull,22320.0,-600.0,1
2025-03-21 08:47:00,enter,bear,22320.0,,1
2025-04-01 03:51:00,exiting,bear,21128.0,11920.0,1
2025-04-01 03:51:00,enter,bull,21128.0,,1
2025-04-01 08:47:00,exiting,bull,20977.0,-1510.0,1
2025-04-01 08:47:00,enter,bear,20977.0,,1
2025-04-01 11:33:00,exiting,bear,21209.0,-2320.0,1
2025-04-01 11:33:00,enter,bull,21209.0,,1
2025-04-01 15:02:00,exiting,bull,21223.0,140.0,1
2025-04-01 15:02:00,enter,bear,21223.0,,1
2025-04-02 00:21:00,exiting,bear,21386.0,-1630.0,1
2025-04-02 00:21:00,enter,bull,21386.0,,1
2025-04-02 08:47:00,exiting,bull,21311.0,-750.0,1
2025-04-02 08:47:00,enter,bear,21311.0,,1
2025-04-02 22:04:00,exiting,bear,21399.0,-880.0,1
2025-04-02 22:04:00,enter,bull,21399.0,,1
2025-04-07 08:46:00,exiting,bull,19167.0,-22320.0,1
2025-04-07 08:46:00,enter,bear,19167.0,,1
2025-04-07 15:01:00,exiting,bear,17726.0,14410.0,1
2025-04-07 15:01:00,enter,bull,17726.0,,1
2025-04-08 10:22:00,exiting,bull,18382.0,6560.0,1
2025-04-08 10:22:00,enter,bear,18382.0,,1
2025-04-08 21:19:00,exiting,bear,18815.0,-4330.0,1
2025-04-08 21:19:00,enter,bull,18815.0,,1
2025-04-09 00:36:00,exiting,bull,18446.0,-3690.0,1
2025-04-09 00:36:00,enter,bear,18446.0,,1
2025-04-09 08:47:00,exiting,bear,17874.0,5720.0,1
2025-04-09 08:47:00,enter,bull,17874.0,,1
2025-04-09 11:03:00,exiting,bull,17776.0,-980.0,1
2025-04-09 11:03:00,enter,bear,17776.0,,1
2025-04-09 15:02:00,exiting,bear,17398.0,3780.0,1
2025-04-09 15:02:00,enter,bull,17398.0,,1
2025-04-09 19:03:00,exiting,bull,17193.0,-2050.0,1
2025-04-09 19:03:00,enter,bear,17193.0,,1
2025-04-10 01:22:00,exiting,bear,18011.0,-8180.0,1
2025-04-10 01:22:00,enter,bull,18011.0,,1
2025-04-10 15:02:00,exiting,bull,19692.0,16810.0,1
2025-04-10 15:02:00,enter,bear,19692.0,,1
2025-04-11 08:47:00,exiting,bear,18652.0,10400.0,1
2025-04-11 08:47:00,enter,bull,18652.0,,1
2025-04-11 15:02:00,exiting,bull,19459.0,8070.0,1
2025-04-11 15:02:00,enter,bear,19459.0,,1
2025-04-11 16:55:00,exiting,bear,19297.0,1620.0,1
2025-04-11 16:55:00,enter,bull,19297.0,,1
2025-04-14 08:47:00,exiting,bull,19811.0,5140.0,1
2025-04-14 08:47:00,enter,bear,19811.0,,1
2025-04-14 10:34:00,exiting,bear,19720.0,910.0,1
2025-04-14 10:34:00,enter,bull,19720.0,,1
2025-04-14 11:53:00,exiting,bull,19616.0,-1040.0,1
2025-04-14 11:53:00,enter,bear,19616.0,,1
2025-04-16 15:02:00,exiting,bear,19380.0,2360.0,1
2025-04-16 15:02:00,enter,bull,19380.0,,1
2025-04-17 02:51:00,exiting,bull,19058.0,-3220.0,1
2025-04-17 02:51:00,enter,bear,19058.0,,1
2025-04-17 08:47:00,exiting,bear,19250.0,-1920.0,1
2025-04-17 08:47:00,enter,bull,19250.0,,1
2025-04-17 22:28:00,exiting,bull,19290.0,400.0,1
2025-04-17 22:28:00,enter,bear,19290.0,,1
2025-04-21 15:02:00,exiting,bear,19105.0,1850.0,1
2025-04-21 15:02:00,enter,bull,19105.0,,1
2025-04-24 08:47:00,exiting,bull,19651.0,5460.0,1
2025-04-24 08:47:00,enter,bear,19651.0,,1
2025-04-24 15:02:00,exiting,bear,19454.0,1970.0,1
2025-04-24 15:02:00,enter,bull,19454.0,,1
2025-05-02 08:47:00,exiting,bull,20498.0,10440.0,1
2025-05-02 08:47:00,enter,bear,20498.0,,1
2025-05-02 10:36:00,exiting,bear,20615.0,-1170.0,1
2025-05-02 10:36:00,enter,bull,20615.0,,1
2025-05-05 10:45:00,exiting,bull,20240.0,-3750.0,1
2025-05-05 10:45:00,enter,bear,20240.0,,1
2025-05-05 11:34:00,exiting,bear,20422.0,-1820.0,1
2025-05-05 11:34:00,enter,bull,20422.0,,1
2025-05-06 04:02:00,exiting,bull,20166.0,-2560.0,1
2025-05-06 04:02:00,enter,bear,20166.0,,1
2025-05-06 08:47:00,exiting,bear,20205.0,-390.0,1
2025-05-06 08:47:00,enter,bull,20205.0,,1
2025-05-08 08:47:00,exiting,bull,20485.0,2800.0,1
2025-05-08 08:47:00,enter,bear,20485.0,,1
2025-05-08 11:10:00,exiting,bear,20674.0,-1890.0,1
2025-05-08 11:10:00,enter,bull,20674.0,,1
2025-05-08 21:32:00,exiting,bull,20554.0,-1200.0,1
2025-05-08 21:32:00,enter,bear,20554.0,,1
2025-05-09 11:16:00,exiting,bear,20772.0,-2180.0,1
2025-05-09 11:16:00,enter,bull,20772.0,,1
2025-05-09 15:02:00,exiting,bull,20832.0,600.0,1
2025-05-09 15:02:00,enter,bear,20832.0,,1
2025-05-12 09:50:00,exiting,bear,21111.0,-2790.0,1
2025-05-12 09:50:00,enter,bull,21111.0,,1
2025-05-13 11:06:00,exiting,bull,21308.0,1970.0,1
2025-05-13 11:06:00,enter,bear,21308.0,,1
2025-05-13 15:02:00,exiting,bear,21352.0,-440.0,1
2025-05-13 15:02:00,enter,bull,21352.0,,1
2025-05-15 08:47:00,exiting,bull,21782.0,4300.0,1
2025-05-15 08:47:00,enter,bear,21782.0,,1
2025-05-15 19:27:00,exiting,bear,21709.0,730.0,1
2025-05-15 19:27:00,enter,bull,21709.0,,1
2025-05-16 08:47:00,exiting,bull,21766.0,570.0,1
2025-05-16 08:47:00,enter,bear,21766.0,,1
2025-05-16 10:35:00,exiting,bear,21849.0,-830.0,1
2025-05-16 10:35:00,enter,bull,21849.0,,1
2025-05-19 11:28:00,exiting,bull,21650.0,-1990.0,1
2025-05-19 11:28:00,enter,bear,21650.0,,1
2025-05-19 15:02:00,exiting,bear,21531.0,1190.0,1
2025-05-19 15:02:00,enter,bull,21531.0,,1
2025-05-20 09:17:00,exiting,bull,21663.0,1320.0,1
2025-05-20 09:17:00,enter,bear,21663.0,,1
2025-05-20 15:02:00,exiting,bear,21541.0,1220.0,1
2025-05-20 15:02:00,enter,bull,21541.0,,1
2025-05-21 08:47:00,exiting,bull,21601.0,600.0,1
2025-05-21 08:47:00,enter,bear,21601.0,,1
2025-05-22 08:47:00,exiting,bear,21513.0,880.0,1
2025-05-22 08:47:00,enter,bull,21513.0,,1
2025-05-22 19:59:00,exiting,bull,21386.0,-1270.0,1
2025-05-22 19:59:00,enter,bear,21386.0,,1
2025-05-23 15:02:00,exiting,bear,21454.0,-680.0,1
2025-05-23 15:02:00,enter,bull,21454.0,,1
2025-05-23 19:47:00,exiting,bull,21315.0,-1390.0,1
2025-05-23 19:47:00,enter,bear,21315.0,,1
2025-05-26 10:19:00,exiting,bear,21470.0,-1550.0,1
2025-05-26 10:19:00,enter,bull,21470.0,,1
2025-05-26 15:02:00,exiting,bull,21403.0,-670.0,1
2025-05-26 15:02:00,enter,bear,21403.0,,1
2025-05-28 15:02:00,exiting,bear,21259.0,1440.0,1
2025-05-28 15:02:00,enter,bull,21259.0,,1
2025-05-28 21:51:00,exiting,bull,21210.0,-490.0,1
2025-05-28 21:51:00,enter,bear,21210.0,,1
2025-06-02 08:47:00,exiting,bear,21008.0,2020.0,1
2025-06-02 08:47:00,enter,bull,21008.0,,1
2025-06-02 09:29:00,exiting,bull,20898.0,-1100.0,1
2025-06-02 09:29:00,enter,bear,20898.0,,1
2025-06-04 10:22:00,exiting,bear,21488.0,-5900.0,1
2025-06-04 10:22:00,enter,bull,21488.0,,1
2025-06-05 08:47:00,exiting,bull,21585.0,970.0,1
2025-06-05 08:47:00,enter,bear,21585.0,,1
2025-06-05 09:45:00,exiting,bear,21648.0,-630.0,1
2025-06-05 09:45:00,enter,bull,21648.0,,1
2025-06-09 15:02:00,exiting,bull,21747.0,990.0,1
2025-06-09 15:02:00,enter,bear,21747.0,,1
2025-06-09 23:05:00,exiting,bear,21844.0,-970.0,1
2025-06-09 23:05:00,enter,bull,21844.0,,1
2025-06-18 21:33:00,exiting,bull,21758.0,-860.0,1
2025-06-18 21:33:00,enter,bear,21758.0,,1
2025-06-19 08:47:00,exiting,bear,21807.0,-490.0,1
2025-06-19 08:47:00,enter,bull,21807.0,,1
2025-06-19 09:40:00,exiting,bull,21713.0,-940.0,1
2025-06-19 09:40:00,enter,bear,21713.0,,1
2025-06-24 09:08:00,exiting,bear,21923.0,-2100.0,1
2025-06-24 09:08:00,enter,bull,21923.0,,1
2025-06-27 08:47:00,exiting,bull,22193.0,2700.0,1
2025-06-27 08:47:00,enter,bear,22193.0,,1
2025-06-27 22:09:00,exiting,bear,22155.0,380.0,1
2025-06-27 22:09:00,enter,bull,22155.0,,1
2025-06-30 21:32:00,exiting,bull,22055.0,-1000.0,1
2025-06-30 21:32:00,enter,bear,22055.0,,1
2025-07-01 09:02:00,exiting,bear,22316.0,-2610.0,1
2025-07-01 09:02:00,enter,bull,22316.0,,1
2025-07-03 08:47:00,exiting,bull,22559.0,2430.0,1
2025-07-03 08:47:00,enter,bear,22559.0,,1
2025-07-03 10:11:00,exiting,bear,22696.0,-1370.0,1
2025-07-03 10:11:00,enter,bull,22696.0,,1
2025-07-04 09:49:00,exiting,bull,22538.0,-1580.0,1
2025-07-04 09:49:00,enter,bear,22538.0,,1
2025-07-07 15:02:00,exiting,bear,22310.0,2280.0,1
2025-07-07 15:02:00,enter,bull,22310.0,,1
2025-07-08 02:22:00,exiting,bull,22232.0,-780.0,1
2025-07-08 02:22:00,enter,bear,22232.0,,1
2025-07-08 15:02:00,exiting,bear,22262.0,-300.0,1
2025-07-08 15:02:00,enter,bull,22262.0,,1
2025-07-10 08:47:00,exiting,bull,22474.0,2120.0,1
2025-07-10 08:47:00,enter,bear,22474.0,,1
2025-07-10 09:37:00,exiting,bear,22562.0,-880.0,1
2025-07-10 09:37:00,enter,bull,22562.0,,1
2025-07-14 10:59:00,exiting,bull,22557.0,-50.0,1
2025-07-14 10:59:00,enter,bear,22557.0,,1
2025-07-15 09:59:00,exiting,bear,22775.0,-2180.0,1
2025-07-15 09:59:00,enter,bull,22775.0,,1
2025-07-15 15:02:00,exiting,bull,22830.0,550.0,1
2025-07-15 15:02:00,enter,bear,22830.0,,1
2025-07-16 15:02:00,exiting,bear,22900.0,-700.0,1
2025-07-16 15:02:00,enter,bull,22900.0,,1
2025-07-18 11:41:00,exiting,bull,23271.0,3710.0,1
2025-07-18 11:41:00,enter,bear,23271.0,,1
2025-07-21 08:47:00,exiting,bear,23214.0,570.0,1
2025-07-21 08:47:00,enter,bull,23214.0,,1
2025-07-21 15:02:00,exiting,bull,23273.0,590.0,1
2025-07-21 15:02:00,enter,bear,23273.0,,1
2025-07-21 21:47:00,exiting,bear,23305.0,-320.0,1
2025-07-21 21:47:00,enter,bull,23305.0,,1
2025-07-22 11:11:00,exiting,bull,23166.0,-1390.0,1
2025-07-22 11:11:00,enter,bear,23166.0,,1
2025-07-24 02:23:00,exiting,bear,23299.0,-1330.0,1
2025-07-24 02:23:00,enter,bull,23299.0,,1
2025-07-24 09:08:00,exiting,bull,23275.0,-240.0,1
2025-07-24 09:08:00,enter,bear,23275.0,,1
2025-07-24 15:36:00,exiting,bear,23300.0,-250.0,1
2025-07-24 15:36:00,enter,bull,23300.0,,1
2025-07-28 22:22:00,exiting,bull,23253.0,-470.0,1
2025-07-28 22:22:00,enter,bear,23253.0,,1
2025-07-30 10:18:00,exiting,bear,23378.0,-1250.0,1
2025-07-30 10:18:00,enter,bull,23378.0,,1
2025-07-31 08:47:00,exiting,bull,23458.0,800.0,1
2025-07-31 08:47:00,enter,bear,23458.0,,1
2025-07-31 10:39:00,exiting,bear,23503.0,-450.0,1
2025-07-31 10:39:00,enter,bull,23503.0,,1
2025-07-31 22:27:00,exiting,bull,23443.0,-600.0,1
2025-07-31 22:27:00,enter,bear,23443.0,,1
2025-08-01 08:47:00,exiting,bear,23154.0,2890.0,1
2025-08-01 08:47:00,enter,bull,23154.0,,1
2025-08-01 21:43:00,exiting,bull,23083.0,-710.0,1
2025-08-01 21:43:00,enter,bear,23083.0,,1
2025-08-04 08:47:00,exiting,bear,23118.0,-350.0,1
2025-08-04 08:47:00,enter,bull,23118.0,,1
2025-08-05 08:47:00,exiting,bull,23462.0,3440.0,1
2025-08-05 08:47:00,enter,bear,23462.0,,1
2025-08-06 08:47:00,exiting,bear,23421.0,410.0,1
2025-08-06 08:47:00,enter,bull,23421.0,,1
2025-08-13 11:30:00,exiting,bull,24225.0,8040.0,1
2025-08-13 11:30:00,enter,bear,24225.0,,1
2025-08-13 16:33:00,exiting,bear,24422.0,-1970.0,1
2025-08-13 16:33:00,enter,bull,24422.0,,1
2025-08-14 13:30:00,exiting,bull,24290.0,-1320.0,1
2025-08-14 13:30:00,enter,bear,24290.0,,1
2025-08-18 09:17:00,exiting,bear,24340.0,-500.0,1
2025-08-18 09:17:00,enter,bull,24340.0,,1
2025-08-20 12:00:00,exiting,bull,23732.0,-6080.0,1
2025-08-20 12:00:00,enter,bear,23732.0,,1
2025-08-20 15:02:00,exiting,bear,23701.0,310.0,1
2025-08-20 15:02:00,enter,bull,23701.0,,1
2025-08-20 16:31:00,exiting,bull,23678.0,-230.0,1
2025-08-20 16:31:00,enter,bear,23678.0,,1
2025-08-22 15:02:00,exiting,bear,23735.0,-570.0,1
2025-08-22 15:02:00,enter,bull,23735.0,,1
2025-08-26 15:02:00,exiting,bull,24228.0,4930.0,1
2025-08-26 15:02:00,enter,bear,24228.0,,1
2025-08-26 18:10:00,exiting,bear,24262.0,-340.0,1
2025-08-26 18:10:00,enter,bull,24262.0,,1
2025-08-28 12:04:00,exiting,bull,24265.0,30.0,1
2025-08-28 12:04:00,enter,bear,24265.0,,1
2025-08-28 15:02:00,exiting,bear,24271.0,-60.0,1
2025-08-28 15:02:00,enter,bull,24271.0,,1
2025-08-29 09:49:00,exiting,bull,24312.0,410.0,1
2025-08-29 09:49:00,enter,bear,24312.0,,1
2025-08-29 15:02:00,exiting,bear,24259.0,530.0,1
2025-08-29 15:02:00,enter,bull,24259.0,,1
2025-08-29 22:04:00,exiting,bull,24063.0,-1960.0,1
2025-08-29 22:04:00,enter,bear,24063.0,,1
2025-09-04 10:03:00,exiting,bear,24325.0,-2620.0,1
2025-09-04 10:03:00,enter,bull,24325.0,,1
2025-09-04 11:01:00,exiting,bull,24204.0,-1210.0,1
2025-09-04 11:01:00,enter,bear,24204.0,,1
2025-09-04 23:54:00,exiting,bear,24238.0,-340.0,1
2025-09-04 23:54:00,enter,bull,24238.0,,1
2025-09-05 08:47:00,exiting,bull,24381.0,1430.0,1
2025-09-05 08:47:00,enter,bear,24381.0,,1
2025-09-05 13:32:00,exiting,bear,24407.0,-260.0,1
2025-09-05 13:32:00,enter,bull,24407.0,,1
2025-09-08 08:47:00,exiting,bull,24572.0,1650.0,1
2025-09-08 08:47:00,enter,bear,24572.0,,1
2025-09-08 22:47:00,exiting,bear,24651.0,-790.0,1
2025-09-08 22:47:00,enter,bull,24651.0,,1
2025-09-11 12:23:00,exiting,bull,25316.0,6650.0,1
2025-09-11 12:23:00,enter,bear,25316.0,,1
2025-09-11 15:02:00,exiting,bear,25267.0,490.0,1
2025-09-11 15:02:00,enter,bull,25267.0,,1
2025-09-12 09:31:00,exiting,bull,25379.0,1120.0,1
2025-09-12 09:31:00,enter,bear,25379.0,,1
2025-09-13 02:40:00,exiting,bear,25413.0,-340.0,1
2025-09-13 02:40:00,enter,bull,25413.0,,1
2025-09-17 18:37:00,exiting,bull,25478.0,650.0,1
2025-09-17 18:37:00,enter,bear,25478.0,,1
2025-09-18 10:58:00,exiting,bear,25627.0,-1490.0,1
2025-09-18 10:58:00,enter,bull,25627.0,,1
2025-09-19 08:47:00,exiting,bull,25825.0,1980.0,1
2025-09-19 08:47:00,enter,bear,25825.0,,1
2025-09-19 15:02:00,exiting,bear,25677.0,1480.0,1
2025-09-19 15:02:00,enter,bull,25677.0,,1
2025-09-23 09:16:00,exiting,bull,26099.0,4220.0,1
2025-09-23 09:16:00,enter,bear,26099.0,,1
2025-09-23 17:37:00,exiting,bear,26363.0,-2640.0,1
2025-09-23 17:37:00,enter,bull,26363.0,,1
2025-09-24 08:47:00,exiting,bull,26385.0,220.0,1
2025-09-24 08:47:00,enter,bear,26385.0,,1
2025-09-24 15:02:00,exiting,bear,26242.0,1430.0,1
2025-09-24 15:02:00,enter,bull,26242.0,,1
2025-09-25 21:31:00,exiting,bull,25901.0,-3410.0,1
2025-09-25 21:31:00,enter,bear,25901.0,,1
2025-09-30 09:26:00,exiting,bear,26039.0,-1380.0,1
2025-09-30 09:26:00,enter,bull,26039.0,,1
2025-10-01 08:47:00,exiting,bull,26084.0,450.0,1
2025-10-01 08:47:00,enter,bear,26084.0,,1
2025-10-01 09:23:00,exiting,bear,26258.0,-1740.0,1
2025-10-01 09:23:00,enter,bull,26258.0,,1
2025-10-01 11:02:00,exiting,bull,26051.0,-2070.0,1
2025-10-01 11:02:00,enter,bear,26051.0,,1
2025-10-01 21:33:00,exiting,bear,26199.0,-1480.0,1
2025-10-01 21:33:00,enter,bull,26199.0,,1
2025-10-03 08:47:00,exiting,bull,26465.0,2660.0,1
2025-10-03 08:47:00,enter,bear,26465.0,,1
2025-10-03 09:50:00,exiting,bear,26568.0,-1030.0,1
2025-10-03 09:50:00,enter,bull,26568.0,,1
2025-10-07 08:47:00,exiting,bull,27015.0,4470.0,1
2025-10-07 08:47:00,enter,bear,27015.0,,1
2025-10-07 19:58:00,exiting,bear,27370.0,-3550.0,1
2025-10-07 19:58:00,enter,bull,27370.0,,1
2025-10-07 23:10:00,exiting,bull,27131.0,-2390.0,1
2025-10-07 23:10:00,enter,bear,27131.0,,1
2025-10-08 15:02:00,exiting,bear,27029.0,1020.0,1
2025-10-08 15:02:00,enter,bull,27029.0,,1
2025-10-09 09:14:00,exiting,bull,27305.0,2760.0,1
2025-10-09 09:14:00,enter,bear,27305.0,,1
2025-10-13 08:46:00,exiting,bear,26598.0,7070.0,1
2025-10-13 08:46:00,enter,bull,26598.0,,1
2025-10-14 12:33:00,exiting,bull,26874.0,2760.0,1
2025-10-14 12:33:00,enter,bear,26874.0,,1
2025-10-14 15:02:00,exiting,bear,26744.0,1300.0,1
2025-10-14 15:02:00,enter,bull,26744.0,,1
2025-10-15 09:05:00,exiting,bull,26855.0,1110.0,1
2025-10-15 09:05:00,enter,bear,26855.0,,1
2025-10-15 17:51:00,exiting,bear,27516.0,-6610.0,1
2025-10-15 17:51:00,enter,bull,27516.0,,1
2025-10-16 08:47:00,exiting,bull,27506.0,-100.0,1
2025-10-16 08:47:00,enter,bear,27506.0,,1
2025-10-16 12:17:00,exiting,bear,27725.0,-2190.0,1
2025-10-16 12:17:00,enter,bull,27725.0,,1
2025-10-16 15:02:00,exiting,bull,27748.0,230.0,1
2025-10-16 15:02:00,enter,bear,27748.0,,1
2025-10-16 20:43:00,exiting,bear,27787.0,-390.0,1
2025-10-16 20:43:00,enter,bull,27787.0,,1
2025-10-17 00:31:00,exiting,bull,27538.0,-2490.0,1
2025-10-17 00:31:00,enter,bear,27538.0,,1
2025-10-17 08:47:00,exiting,bear,27418.0,1200.0,1
2025-10-17 08:47:00,enter,bull,27418.0,,1
2025-10-21 08:47:00,exiting,bull,27872.0,4540.0,1
2025-10-21 08:47:00,enter,bear,27872.0,,1
2025-10-21 10:21:00,exiting,bear,28016.0,-1440.0,1
2025-10-21 10:21:00,enter,bull,28016.0,,1
2025-10-21 11:51:00,exiting,bull,27833.0,-1830.0,1
2025-10-21 11:51:00,enter,bear,27833.0,,1
2025-10-21 15:02:00,exiting,bear,27815.0,180.0,1
2025-10-21 15:02:00,enter,bull,27815.0,,1
2025-10-22 22:47:00,exiting,bull,27478.0,-3370.0,1
2025-10-22 22:47:00,enter,bear,27478.0,,1
2025-10-23 08:47:00,exiting,bear,27376.0,1020.0,1
2025-10-23 08:47:00,enter,bull,27376.0,,1
2025-10-27 15:02:00,exiting,bull,28228.0,8520.0,1
2025-10-27 15:02:00,enter,bear,28228.0,,1
2025-10-28 01:46:00,exiting,bear,28226.0,20.0,1
2025-10-28 01:46:00,enter,bull,28226.0,,1
2025-10-28 10:48:00,exiting,bull,28019.0,-2070.0,1
2025-10-28 10:48:00,enter,bear,28019.0,,1
2025-10-28 15:02:00,exiting,bear,28019.0,0.0,1
2025-10-28 15:02:00,enter,bull,28019.0,,1
2025-10-30 12:12:00,exiting,bull,28279.0,2600.0,1
2025-10-30 12:12:00,enter,bear,28279.0,,1
2025-10-30 15:02:00,exiting,bear,28375.0,-960.0,1
2025-10-30 15:02:00,enter,bull,28375.0,,1
2025-10-31 11:23:00,exiting,bull,28393.0,180.0,1
2025-10-31 11:23:00,enter,bear,28393.0,,1
2025-11-03 09:16:00,exiting,bear,28533.0,-1400.0,1
2025-11-03 09:16:00,enter,bull,28533.0,,1
2025-11-03 10:36:00,exiting,bull,28316.0,-2170.0,1
2025-11-03 10:36:00,enter,bear,28316.0,,1
2025-11-04 00:55:00,exiting,bear,28472.0,-1560.0,1
2025-11-04 00:55:00,enter,bull,28472.0,,1
2025-11-04 10:06:00,exiting,bull,28356.0,-1160.0,1
2025-11-04 10:06:00,enter,bear,28356.0,,1
2025-11-04 15:02:00,exiting,bear,28083.0,2730.0,1
2025-11-04 15:02:00,enter,bull,28083.0,,1
2025-11-05 03:37:00,exiting,bull,28000.0,-830.0,1
2025-11-05 03:37:00,enter,bear,28000.0,,1
2025-11-05 11:05:00,exiting,bear,27777.0,2230.0,1
2025-11-05 11:05:00,enter,bull,27777.0,,1
2025-11-06 08:47:00,exiting,bull,28006.0,2290.0,1
2025-11-06 08:47:00,enter,bear,28006.0,,1
2025-11-07 08:47:00,exiting,bear,27770.0,2360.0,1
2025-11-07 08:47:00,enter,bull,27770.0,,1
2025-11-07 19:27:00,exiting,bull,27566.0,-2040.0,1
2025-11-07 19:27:00,enter,bear,27566.0,,1
2025-11-10 12:17:00,exiting,bear,27963.0,-3970.0,1
2025-11-10 12:17:00,enter,bull,27963.0,,1
2025-11-10 22:15:00,exiting,bull,27935.0,-280.0,1
2025-11-10 22:15:00,enter,bear,27935.0,,1
2025-11-11 19:22:00,exiting,bear,27842.0,930.0,1
2025-11-11 19:22:00,enter,bull,27842.0,,1
2025-11-13 00:12:00,exiting,bull,27982.0,1400.0,1
2025-11-13 00:12:00,enter,bear,27982.0,,1
2025-11-14 15:02:00,exiting,bear,27409.0,5730.0,1
2025-11-14 15:02:00,enter,bull,27409.0,,1
2025-11-14 19:18:00,exiting,bull,27186.0,-2230.0,1
2025-11-14 19:18:00,enter,bear,27186.0,,1
2025-11-14 23:44:00,exiting,bear,27445.0,-2590.0,1
2025-11-14 23:44:00,enter,bull,27445.0,,1
2025-11-17 08:47:00,exiting,bull,27590.0,1450.0,1
2025-11-17 08:47:00,enter,bear,27590.0,,1
2025-11-17 09:31:00,exiting,bear,27676.0,-860.0,1
2025-11-17 09:31:00,enter,bull,27676.0,,1
2025-11-17 15:02:00,exiting,bull,27456.0,-2200.0,1
2025-11-17 15:02:00,enter,bear,27456.0,,1
2025-11-18 08:47:00,exiting,bear,27127.0,3290.0,1
2025-11-18 08:47:00,enter,bull,27127.0,,1
2025-11-18 10:37:00,exiting,bull,27026.0,-1010.0,1
2025-11-18 10:37:00,enter,bear,27026.0,,1
2025-11-19 02:02:00,exiting,bear,27006.0,200.0,1
2025-11-19 02:02:00,enter,bull,27006.0,,1
2025-11-19 11:38:00,exiting,bull,26591.0,-4150.0,1
2025-11-19 11:38:00,enter,bear,26591.0,,1
2025-11-19 22:52:00,exiting,bear,26956.0,-3650.0,1
2025-11-19 22:52:00,enter,bull,26956.0,,1
2025-11-20 10:11:00,exiting,bull,27272.0,3160.0,1
2025-11-20 10:11:00,enter,bear,27272.0,,1
2025-11-22 03:21:00,exiting,bear,26781.0,4910.0,1
2025-11-22 03:21:00,enter,bull,26781.0,,1
2025-11-24 08:47:00,exiting,bull,26701.0,-800.0,1
2025-11-24 08:47:00,enter,bear,26701.0,,1
2025-11-24 23:06:00,exiting,bear,26865.0,-1640.0,1
2025-11-24 23:06:00,enter,bull,26865.0,,1
2025-11-25 08:47:00,exiting,bull,27067.0,2020.0,1
2025-11-25 08:47:00,enter,bear,27067.0,,1
2025-11-26 01:38:00,exiting,bear,27052.0,150.0,1
2025-11-26 01:38:00,enter,bull,27052.0,,1
2025-11-26 08:47:00,exiting,bull,27151.0,990.0,1
2025-11-26 08:47:00,enter,bear,27151.0,,1
2025-11-26 09:21:00,exiting,bear,27321.0,-1700.0,1
2025-11-26 09:21:00,enter,bull,27321.0,,1
2025-11-27 08:47:00,exiting,bull,27502.0,1810.0,1
2025-11-27 08:47:00,enter,bear,27502.0,,1
2025-11-27 09:55:00,exiting,bear,27607.0,-1050.0,1
2025-11-27 09:55:00,enter,bull,27607.0,,1
2025-12-01 13:09:00,exiting,bull,27461.0,-1460.0,1
2025-12-01 13:09:00,enter,bear,27461.0,,1
2025-12-01 15:02:00,exiting,bear,27457.0,40.0,1
2025-12-01 15:02:00,enter,bull,27457.0,,1
2025-12-02 13:15:00,exiting,bull,27533.0,760.0,1
2025-12-02 13:15:00,enter,bear,27533.0,,1
2025-12-02 16:49:00,exiting,bear,27685.0,-1520.0,1
2025-12-02 16:49:00,enter,bull,27685.0,,1
2025-12-04 11:34:00,exiting,bull,27714.0,290.0,1
2025-12-04 11:34:00,enter,bear,27714.0,,1
2025-12-05 12:33:00,exiting,bear,27942.0,-2280.0,1
2025-12-05 12:33:00,enter,bull,27942.0,,1
2025-12-11 08:47:00,exiting,bull,28555.0,6130.0,1
2025-12-11 08:47:00,enter,bear,28555.0,,1
2025-12-15 08:47:00,exiting,bear,27787.0,7680.0,1
2025-12-15 08:47:00,enter,bull,27787.0,,1
2025-12-15 22:57:00,exiting,bull,27868.0,810.0,1
2025-12-15 22:57:00,enter,bear,27868.0,,1
2025-12-16 08:47:00,exiting,bear,27576.0,2920.0,1
2025-12-16 08:47:00,enter,bull,27576.0,,1
2025-12-17 02:21:00,exiting,bull,27585.0,90.0,1
2025-12-17 02:21:00,enter,bear,27585.0,,1
2025-12-17 08:47:00,exiting,bear,27649.0,-640.0,1
2025-12-17 08:47:00,enter,bull,27649.0,,1
2025-12-17 23:36:00,exiting,bull,27759.0,1100.0,1
2025-12-17 23:36:00,enter,bear,27759.0,,1
2025-12-18 08:47:00,exiting,bear,27536.0,2230.0,1
2025-12-18 08:47:00,enter,bull,27536.0,,1
2025-12-23 08:47:00,exiting,bull,28373.0,8370.0,1
2025-12-23 08:47:00,enter,bear,28373.0,,1
2025-12-24 00:52:00,exiting,bear,28475.0,-1020.0,1
2025-12-24 00:52:00,enter,bull,28475.0,,1
2025-12-24 08:47:00,exiting,bull,28540.0,650.0,1
2025-12-24 08:47:00,enter,bear,28540.0,,1
2025-12-25 00:22:00,exiting,bear,28550.0,-100.0,1
2025-12-25 00:22:00,enter,bull,28550.0,,1
2025-12-29 08:47:00,exiting,bull,28739.0,1890.0,1
2025-12-29 08:47:00,enter,bear,28739.0,,1
2025-12-29 09:51:00,exiting,bear,28885.0,-1460.0,1
2025-12-29 09:51:00,enter,bull,28885.0,,1
2025-12-30 15:02:00,exiting,bull,28867.0,-180.0,1
2025-12-30 15:02:00,enter,bear,28867.0,,1
2025-12-31 00:18:00,exiting,bear,28952.0,-850.0,1
2025-12-31 00:18:00,enter,bull,28952.0,,1
2026-01-06 15:02:00,exiting,bull,30634.0,16820.0,1
2026-01-06 15:02:00,enter,bear,30634.0,,1
2026-01-07 15:02:00,exiting,bear,30513.0,1210.0,1
2026-01-07 15:02:00,enter,bull,30513.0,,1
2026-01-07 23:01:00,exiting,bull,30384.0,-1290.0,1
2026-01-07 23:01:00,enter,bear,30384.0,,1
2026-01-08 08:47:00,exiting,bear,30371.0,130.0,1
2026-01-08 08:47:00,enter,bull,30371.0,,1
2026-01-09 00:15:00,exiting,bull,30349.0,-220.0,1
2026-01-09 00:15:00,enter,bear,30349.0,,1
2026-01-09 10:48:00,exiting,bear,30545.0,-1960.0,1
2026-01-09 10:48:00,enter,bull,30545.0,,1
2026-01-12 08:47:00,exiting,bull,30706.0,1610.0,1
2026-01-12 08:47:00,enter,bear,30706.0,,1
2026-01-12 22:57:00,exiting,bear,30834.0,-1280.0,1
2026-01-12 22:57:00,enter,bull,30834.0,,1
2026-01-13 09:46:00,exiting,bull,30739.0,-950.0,1
2026-01-13 09:46:00,enter,bear,30739.0,,1
2026-01-13 22:42:00,exiting,bear,31111.0,-3720.0,1
2026-01-13 22:42:00,enter,bull,31111.0,,1
2026-01-14 12:48:00,exiting,bull,30973.0,-1380.0,1
2026-01-14 12:48:00,enter,bear,30973.0,,1
2026-01-15 09:31:00,exiting,bear,30933.0,400.0,1
2026-01-15 09:31:00,enter,bull,30933.0,,1
2026-01-21 09:55:00,exiting,bull,31598.0,6650.0,1
2026-01-21 09:55:00,enter,bear,31598.0,,1
2026-01-21 23:04:00,exiting,bear,31712.0,-1140.0,1
2026-01-21 23:04:00,enter,bull,31712.0,,1
2026-01-29 01:01:00,exiting,bull,32854.0,11420.0,1
2026-01-29 01:01:00,enter,bear,32854.0,,1
2026-01-29 15:02:00,exiting,bear,32774.0,800.0,1
2026-01-29 15:02:00,enter,bull,32774.0,,1
2026-01-29 22:54:00,exiting,bull,32507.0,-2670.0,1
2026-01-29 22:54:00,enter,bear,32507.0,,1
2026-01-30 08:47:00,exiting,bear,32464.0,430.0,1
2026-01-30 08:47:00,enter,bull,32464.0,,1
2026-01-30 09:40:00,exiting,bull,32232.0,-2320.0,1
2026-01-30 09:40:00,enter,bear,32232.0,,1
2026-02-02 08:47:00,exiting,bear,31887.0,3450.0,1
2026-02-02 08:47:00,enter,bull,31887.0,,1
2026-02-02 09:42:00,exiting,bull,31613.0,-2740.0,1
2026-02-02 09:42:00,enter,bear,31613.0,,1
2026-02-02 23:20:00,exiting,bear,32213.0,-6000.0,1
2026-02-02 23:20:00,enter,bull,32213.0,,1
2026-02-03 10:12:00,exiting,bull,32068.0,-1450.0,1
2026-02-03 10:12:00,enter,bear,32068.0,,1
2026-02-04 10:00:00,exiting,bear,32383.0,-3150.0,1
2026-02-04 10:00:00,enter,bull,32383.0,,1
2026-02-05 00:08:00,exiting,bull,32108.0,-2750.0,1
2026-02-05 00:08:00,enter,bear,32108.0,,1
2026-02-05 08:47:00,exiting,bear,31995.0,1130.0,1
2026-02-05 08:47:00,enter,bull,31995.0,,1
2026-02-05 10:04:00,exiting,bull,31952.0,-430.0,1
2026-02-05 10:04:00,enter,bear,31952.0,,1
2026-02-06 10:30:00,exiting,bear,31821.0,1310.0,1
2026-02-06 10:30:00,enter,bull,31821.0,,1
2026-02-09 18:33:00,exiting,bull,32494.0,6730.0,1
2026-02-09 18:33:00,enter,bear,32494.0,,1
2026-02-10 00:03:00,exiting,bear,32958.0,-4640.0,1
2026-02-10 00:03:00,enter,bull,32958.0,,1
2026-02-10 08:47:00,exiting,bull,32888.0,-700.0,1
2026-02-10 08:47:00,enter,bear,32888.0,,1
2026-02-10 10:24:00,exiting,bear,33140.0,-2520.0,1
2026-02-10 10:24:00,enter,bull,33140.0,,1
2026-02-11 08:47:00,exiting,bull,33292.0,1520.0,1
2026-02-11 08:47:00,enter,bear,33292.0,,1
2026-02-11 10:57:00,exiting,bear,33785.0,-4930.0,1
2026-02-11 10:57:00,enter,bull,33785.0,,1
2026-02-26 22:41:00,exiting,bull,35466.0,16810.0,1
2026-02-26 22:41:00,enter,bear,35466.0,,1
2026-03-02 08:47:00,exiting,bear,34878.0,5880.0,1
2026-03-02 08:47:00,enter,bull,34878.0,,1
2026-03-03 09:53:00,exiting,bull,34772.0,-1060.0,1
2026-03-03 09:53:00,enter,bear,34772.0,,1
2026-03-04 15:02:00,exiting,bear,32996.0,17760.0,1
2026-03-04 15:02:00,enter,bull,32996.0,,1
2026-03-05 09:51:00,exiting,bull,33834.0,8380.0,1
2026-03-05 09:51:00,enter,bear,33834.0,,1
2026-03-06 10:12:00,exiting,bear,33709.0,1250.0,1
2026-03-06 10:12:00,enter,bull,33709.0,,1
2026-03-06 19:04:00,exiting,bull,33300.0,-4090.0,1
2026-03-06 19:04:00,enter,bear,33300.0,,1
2026-03-09 13:33:00,exiting,bear,32089.0,12110.0,1
2026-03-09 13:33:00,enter,bull,32089.0,,1
2026-03-10 08:47:00,exiting,bull,33290.0,12010.0,1
2026-03-10 08:47:00,enter,bear,33290.0,,1
2026-03-11 11:14:00,exiting,bear,34047.0,-7570.0,1
2026-03-11 11:14:00,enter,bull,34047.0,,1
2026-03-12 10:37:00,exiting,bull,33432.0,-6150.0,1
2026-03-12 10:37:00,enter,bear,33432.0,,1
2026-03-13 08:47:00,exiting,bear,32739.0,6930.0,1
2026-03-13 08:47:00,enter,bull,32739.0,,1
2026-03-18 20:43:00,exiting,bull,34206.0,14670.0,1
2026-03-18 20:43:00,enter,bear,34206.0,,1
2026-03-20 03:06:00,exiting,bear,33616.0,5900.0,1
2026-03-20 03:06:00,enter,bull,33616.0,,1
2026-03-20 08:47:00,exiting,bull,33811.0,1950.0,1
2026-03-20 08:47:00,enter,bear,33811.0,,1
2026-03-20 15:02:00,exiting,bear,33379.0,4320.0,1
2026-03-20 15:02:00,enter,bull,33379.0,,1
2026-03-20 18:09:00,exiting,bull,33123.0,-2560.0,1
2026-03-20 18:09:00,enter,bear,33123.0,,1
2026-03-23 15:02:00,exiting,bear,32171.0,9520.0,1
2026-03-23 15:02:00,enter,bull,32171.0,,1
2026-03-24 00:26:00,exiting,bull,33227.0,10560.0,1
2026-03-24 00:26:00,enter,bear,33227.0,,1
2026-03-24 15:02:00,exiting,bear,33074.0,1530.0,1
2026-03-24 15:02:00,enter,bull,33074.0,,1
2026-03-24 16:20:00,exiting,bull,33176.0,1020.0,1
2026-03-24 16:20:00,enter,bear,33176.0,,1
2026-03-30 08:47:00,exiting,bear,32060.0,11160.0,1
2026-03-30 08:47:00,enter,bull,32060.0,,1
2026-03-30 15:02:00,exiting,bull,32576.0,5160.0,1
2026-03-30 15:02:00,enter,bear,32576.0,,1
2026-03-31 08:47:00,exiting,bear,32177.0,3990.0,1
2026-03-31 08:47:00,enter,bull,32177.0,,1
2026-03-31 11:31:00,exiting,bull,32078.0,-990.0,1
2026-03-31 11:31:00,enter,bear,32078.0,,1
2026-04-01 00:42:00,exiting,bear,32877.0,-7990.0,1
2026-04-01 00:42:00,enter,bull,32877.0,,1
2026-04-02 08:47:00,exiting,bull,33582.0,7050.0,1
2026-04-02 08:47:00,enter,bear,33582.0,,1
2026-04-02 15:02:00,exiting,bear,32584.0,9980.0,1
2026-04-02 15:02:00,enter,bull,32584.0,,1
2026-04-07 22:00:00,exiting,bull,32984.0,4000.0,1
2026-04-07 22:00:00,enter,bear,32984.0,,1
2026-04-08 09:50:00,exiting,bear,34840.0,-18560.0,1
2026-04-08 09:50:00,enter,bull,34840.0,,1
2026-04-13 11:37:00,exiting,bull,35465.0,6250.0,1
2026-04-13 11:37:00,enter,bear,35465.0,,1
2026-04-13 15:02:00,exiting,bear,35519.0,-540.0,1
2026-04-13 15:02:00,enter,bull,35519.0,,1
2026-04-21 15:02:00,exiting,bull,38098.0,25790.0,1
2026-04-21 15:02:00,enter,bear,38098.0,,1
2026-04-22 10:21:00,exiting,bear,38302.0,-2040.0,1
2026-04-22 10:21:00,enter,bull,38302.0,,1
2026-04-23 10:07:00,exiting,bull,38310.0,80.0,1
2026-04-23 22:55:00,enter,bull,38310.0,,1
2026-05-06 09:52:00,exiting,bull,41445.0,31350.0,1
2026-05-06 09:52:00,enter,bear,41445.0,,1
2026-05-06 23:26:00,exiting,bear,42018.0,-5730.0,1
2026-05-06 23:26:00,enter,bull,42018.0,,1
2026-05-07 08:47:00,exiting,bull,42238.0,2200.0,1
2026-05-07 08:47:00,enter,bear,42238.0,,1
2026-05-11 23:03:00,exiting,bear,42205.0,330.0,1
2026-05-11 23:03:00,enter,bull,42205.0,,1
2026-05-12 09:35:00,exiting,bull,41837.0,-3680.0,1
2026-05-12 09:35:00,enter,bear,41837.0,,1
2026-05-12 15:02:00,exiting,bear,41526.0,3110.0,1
2026-05-12 15:02:00,enter,bull,41526.0,,1
2026-05-12 22:28:00,exiting,bull,41208.0,-3180.0,1
2026-05-12 22:28:00,enter,bear,41208.0,,1
2026-05-14 01:22:00,exiting,bear,41807.0,-5990.0,1
2026-05-14 01:22:00,enter,bull,41807.0,,1
2026-05-14 09:46:00,exiting,bull,41719.0,-880.0,1
2026-05-14 09:46:00,enter,bear,41719.0,,1
2026-05-14 22:38:00,exiting,bear,42292.0,-5730.0,1
2026-05-14 22:38:00,enter,bull,42292.0,,1
2026-05-15 09:33:00,exiting,bull,41962.0,-3300.0,1
2026-05-15 09:33:00,enter,bear,41962.0,,1
2026-05-18 08:47:00,exiting,bear,40296.0,16660.0,1
2026-05-18 08:47:00,enter,bull,40296.0,,1
2026-05-18 22:36:00,exiting,bull,40817.0,5210.0,1
2026-05-18 22:36:00,enter,bear,40817.0,,1
2026-05-19 15:02:00,exiting,bear,40389.0,4280.0,1
2026-05-19 15:02:00,enter,bull,40389.0,,1
2026-05-19 22:18:00,exiting,bull,39791.0,-5980.0,1
2026-05-19 22:18:00,enter,bear,39791.0,,1
2026-05-20 08:47:00,exiting,bear,40109.0,-3180.0,1
2026-05-20 08:47:00,enter,bull,40109.0,,1
2026-05-20 15:02:00,exiting,bull,40258.0,1490.0,1
2026-05-20 15:02:00,enter,bear,40258.0,,1
2026-05-20 21:47:00,exiting,bear,40769.0,-5110.0,1
2026-05-20 21:47:00,enter,bull,40769.0,,1
2026-05-22 08:47:00,exiting,bull,42046.0,12770.0,1
2026-05-22 08:47:00,enter,bear,42046.0,,1
2026-05-22 12:06:00,exiting,bear,42302.0,-2560.0,1
2026-05-22 12:06:00,enter,bull,42302.0,,1
2026-05-28 08:46:07,exiting,bull,45168.0,28660.0,1
2026-05-28 08:46:07,enter,bear,45168.0,,1
2026-05-29 10:16:06,exiting,bear,45212.0,-440,1
2026-05-29 10:16:07,enter,bull,45212.0,,1
2026-06-02 09:27:01,exiting,bull,45614.0,4020.0,1
2026-06-02 09:27:01,enter,bear,45614.0,,1
2026-06-02 22:43:05,exiting,bear,46607.0,-9930.0,1
2026-06-02 22:43:05,enter,bull,46607.0,,1
2026-06-03 21:49:03,exiting,bull,46370.0,-2370.0,1
2026-06-03 21:49:04,enter,bear,46370.0,,2
2026-06-05 02:02:03,exiting,bear,46477.0,-1070.0,2
2026-06-05 02:02:04,enter,bull,46477.0,,2
2026-06-05 09:22:02,exiting,bull,44922.0,-15550.0,2
2026-06-05 09:22:02,enter,bear,44922.0,,3
2026-06-05 15:01:17,exiting,bear,45126.0,-2040.0,3
2026-06-05 15:01:17,enter,bull,45126.0,,3
2026-06-05 21:01:05,exiting,bull,44625.0,-5010.0,3
2026-06-05 21:01:06,enter,bear,44625.0,,3
2026-06-08 08:46:08,exiting,bear,42277.0,23480.0,2
2026-06-08 08:46:08,enter,bull,42277.0,,3
