Record Time,Symbol,Timeframe,TradingView Time,Open,High,Low,Close,MA_960,MA_P80,MA_P200,MA_N110,MA_N200,tt_short,tt_long,BBR
2026-04-30 16:10:01,MXF1!,10,2026-04-30 16:00:00,39562,39685,39555,39619,39464.8864583333,39544.8864583333,39664.8864583333,39354.8864583333,39264.8864583333,39493.5507616523,39482.1319984614,0.7389554788
2026-04-30 16:20:01,MXF1!,10,2026-04-30 16:10:00,39617,39649,39609,39628,39466.009375,39546.009375,39666.009375,39356.009375,39266.009375,39498.8232808031,39485.0204737394,0.7410297871
2026-04-30 16:30:01,MXF1!,10,2026-04-30 16:20:00,39629,39653,39577,39645,39466.8010416667,39546.8010416667,39666.8010416667,39356.8010416667,39266.8010416667,39504.5557011638,39488.1883851505,0.7453837918
2026-04-30 16:40:01,MXF1!,10,2026-04-30 16:30:00,39648,39725,39648,39718,39468.0145833333,39548.0145833333,39668.0145833333,39358.0145833333,39268.0145833333,39512.9260658241,39492.739110197,0.7657132209
2026-04-30 16:50:01,MXF1!,10,2026-04-30 16:40:00,39717,39742,39668,39685,39469.4510416667,39549.4510416667,39669.4510416667,39359.4510416667,39269.4510416667,39519.6740632427,39496.5462565298,0.7557463995
2026-04-30 17:00:04,MXF1!,10,2026-04-30 16:50:00,39684,39684,39621,39636,39470.1385416667,39550.1385416667,39670.1385416667,39360.1385416667,39270.1385416667,39524.2358646842,39499.3077167965,0.7412286755
2026-04-30 17:09:57,MXF1!,10,2026-04-30 17:00:00,39638,39665,39605,39633,39470.8427083333,39550.8427083333,39670.8427083333,39360.8427083333,39270.8427083333,39528.5011248926,39501.9550887411,0.739873135
2026-04-30 17:19:57,MXF1!,10,2026-04-30 17:10:00,39632,39632,39581,39585,39471.5416666667,39551.5416666667,39671.5416666667,39361.5416666667,39271.5416666667,39530.7167670537,39503.5995424294,0.725658399
2026-04-30 17:30:00,MXF1!,10,2026-04-30 17:20:00,39582,39673,39551,39664,39472.6010416667,39552.6010416667,39672.6010416667,39362.6010416667,39272.6010416667,39535.9435605026,39506.775789114,0.747770849
2026-04-30 17:40:02,MXF1!,10,2026-04-30 17:30:00,39664,39766,39664,39737,39475.8635416667,39555.8635416667,39675.8635416667,39365.8635416667,39275.8635416667,39543.8281267574,39511.3346843791,0.7681293349
2026-04-30 17:50:01,MXF1!,10,2026-04-30 17:40:00,39734,39742,39672,39706,39478.896875,39558.896875,39678.896875,39368.896875,39278.896875,39550.187808061,39515.1894431042,0.7587625926
2026-04-30 18:00:07,MXF1!,10,2026-04-30 17:50:00,39707,39720,39686,39707,39482.1552083333,39562.1552083333,39682.1552083333,39372.1552083333,39282.1552083333,39556.3373057841,39518.9876719537,0.7585509804
2026-04-30 18:09:59,MXF1!,10,2026-04-30 18:00:00,39708,39776,39708,39740,39485.4072916667,39565.4072916667,39685.4072916667,39375.4072916667,39285.4072916667,39563.5397643808,39523.3641536972,0.7674994949
2026-04-30 18:19:58,MXF1!,10,2026-04-30 18:10:00,39744,39761,39711,39733,39488.4479166667,39568.4479166667,39688.4479166667,39378.4479166667,39288.4479166667,39570.1852638169,39527.5153585744,0.7649731174
2026-04-30 18:30:07,MXF1!,10,2026-04-30 18:20:00,39732,39784,39731,39783,39492.3260416667,39572.3260416667,39692.3260416667,39382.3260416667,39292.3260416667,39578.5309397456,39532.5744603849,0.7787863556
2026-04-30 18:40:01,MXF1!,10,2026-04-30 18:30:00,39784,39798,39708,39715,39496.828125,39576.828125,39696.828125,39386.828125,39296.828125,39583.8826675987,39536.1868473079,0.7587304735
2026-04-30 18:50:00,MXF1!,10,2026-04-30 18:40:00,39717,39737,39704,39709,39500.9395833333,39580.9395833333,39700.9395833333,39390.9395833333,39300.9395833333,39588.7892296537,39539.6088899355,0.7564854334
2026-04-30 19:00:00,MXF1!,10,2026-04-30 18:50:00,39709,39728,39673,39715,39504.2041666667,39584.2041666667,39704.2041666667,39394.2041666667,39304.2041666667,39593.7386716281,39543.0819812239,0.7576993463
2026-04-30 19:09:59,MXF1!,10,2026-04-30 19:00:00,39720,39780,39719,39767,39508.2489583333,39588.2489583333,39708.2489583333,39398.2489583333,39308.2489583333,39600.533233525,39547.5160013977,0.7721382055
2026-04-30 19:19:59,MXF1!,10,2026-04-30 19:10:00,39766,39810,39748,39800,39512.0208333333,39592.0208333333,39712.0208333333,39402.0208333333,39312.0208333333,39608.3554596613,39552.5156845383,0.7810865641
2026-04-30 19:30:00,MXF1!,10,2026-04-30 19:20:00,39800,39845,39790,39843,39515.2864583333,39595.2864583333,39715.2864583333,39405.2864583333,39315.2864583333,39617.5572063412,39558.2678492009,0.7928875397
2026-04-30 19:39:58,MXF1!,10,2026-04-30 19:30:00,39841,39855,39795,39799,39518.3052083333,39598.3052083333,39718.3052083333,39408.3052083333,39318.3052083333,39624.6726100141,39563.0348224841,0.7796626364
2026-04-30 19:49:58,MXF1!,10,2026-04-30 19:40:00,39799,39828,39786,39819,39521.2395833333,39601.2395833333,39721.2395833333,39411.2395833333,39321.2395833333,39632.2932919743,39568.1034398606,0.7848663558
2026-04-30 20:00:03,MXF1!,10,2026-04-30 19:50:00,39820,39830,39796,39801,39524.140625,39604.140625,39724.140625,39414.140625,39324.140625,39638.9092413087,39572.7152529327,0.7791222196
2026-04-30 20:10:00,MXF1!,10,2026-04-30 20:00:00,39801,39846,39788,39839,39527.3864583333,39607.3864583333,39727.3864583333,39417.3864583333,39327.3864583333,39646.7559377279,39577.9882182211,0.7895010548
2026-04-30 20:20:01,MXF1!,10,2026-04-30 20:10:00,39840,39888,39827,39879,39531.71875,39611.71875,39731.71875,39421.71875,39331.71875,39655.8635480131,39583.9488475633,0.8004321056
2026-04-30 20:30:05,MXF1!,10,2026-04-30 20:20:00,39876,39895,39867,39880,39536.1052083333,39616.1052083333,39736.1052083333,39426.1052083333,39336.1052083333,39664.6532127969,39589.8112466215,0.8001176304
2026-04-30 20:40:00,MXF1!,10,2026-04-30 20:30:00,39880,39889,39843,39856,39540.3427083333,39620.3427083333,39740.3427083333,39430.3427083333,39340.3427083333,39672.1570083735,39595.0823110448,0.7926072884
2026-04-30 20:50:00,MXF1!,10,2026-04-30 20:40:00,39855,39870,39812,39864,39544.5333333333,39624.5333333333,39744.5333333333,39434.5333333333,39344.5333333333,39679.6802629471,39600.4074137964,0.794329164
2026-04-30 21:00:01,MXF1!,10,2026-04-30 20:50:00,39862,39903,39856,39889,39550.2552083333,39630.2552083333,39750.2552083333,39440.2552083333,39350.2552083333,39687.8888800864,39606.1221184737,0.8009637298
2026-04-30 21:10:01,MXF1!,10,2026-04-30 21:00:00,39889,39910,39878,39889,39555.7572916667,39635.7572916667,39755.7572916667,39445.7572916667,39355.7572916667,39695.7755906713,39611.7236606821,0.8003909514
2026-04-30 21:20:00,MXF1!,10,2026-04-30 21:10:00,39888,39890,39846,39863,39560.8947916667,39640.8947916667,39760.8947916667,39450.8947916667,39360.8947916667,39702.333410645,39616.6994297775,0.7923186986
2026-04-30 21:30:05,MXF1!,10,2026-04-30 21:20:00,39861,39866,39821,39833,39566.1083333333,39646.1083333333,39766.1083333333,39456.1083333333,39366.1083333333,39707.4575906197,39620.9826093859,0.7831152455
2026-04-30 21:40:03,MXF1!,10,2026-04-30 21:30:00,39833,39833,39649,39680,39570.775,39650.775,39770.775,39460.775,39370.775,39706.3808223601,39622.1512705862,0.738384981
2026-04-30 21:50:03,MXF1!,10,2026-04-30 21:40:00,39681,39720,39630,39683,39574.4208333333,39654.4208333333,39774.4208333333,39464.4208333333,39374.4208333333,39705.4639273656,39623.3561959211,0.7387857702
2026-04-30 22:00:11,MXF1!,10,2026-04-30 21:50:00,39684,39699,39535,39581,39577.2947916667,39657.2947916667,39777.2947916667,39467.2947916667,39377.2947916667,39700.5829890375,39622.5174593682,0.7087993174
2026-04-30 22:10:00,MXF1!,10,2026-04-30 22:00:00,39580,39666,39541,39566,39580.2052083333,39660.2052083333,39780.2052083333,39470.2052083333,39380.2052083333,39695.3052247615,39621.398301757,0.7040175521
2026-04-30 22:19:59,MXF1!,10,2026-04-30 22:10:00,39565,39618,39497,39573,39582.1739583333,39662.1739583333,39782.1739583333,39472.1739583333,39382.1739583333,39690.5089414375,39620.4399195439,0.7056218006
2026-04-30 22:30:09,MXF1!,10,2026-04-30 22:20:00,39570,39644,39564,39603,39584.5302083333,39664.5302083333,39784.5302083333,39474.5302083333,39384.5302083333,39687.0772182439,39620.0945746025,0.7139250711
2026-04-30 22:40:00,MXF1!,10,2026-04-30 22:30:00,39602,39676,39550,39553,39586.9479166667,39666.9479166667,39786.9479166667,39476.9479166667,39386.9479166667,39681.8192881167,39618.7659691648,0.6989840867
2026-04-30 22:49:59,MXF1!,10,2026-04-30 22:40:00,39555,39696,39554,39676,39589.5791666667,39669.5791666667,39789.5791666667,39479.5791666667,39389.5791666667,39681.5910807396,39619.8993163101,0.7343861238
2026-04-30 23:00:04,MXF1!,10,2026-04-30 22:50:00,39675,39794,39670,39778,39592.71875,39672.71875,39792.71875,39482.71875,39392.71875,39685.3718226713,39623.0300229178,0.7636765981
2026-04-30 23:09:59,MXF1!,10,2026-04-30 23:00:00,39780,39862,39775,39860,39597.346875,39677.346875,39797.346875,39487.346875,39397.346875,39692.2199864882,39627.7224977115,0.7871202965
2026-04-30 23:19:58,MXF1!,10,2026-04-30 23:10:00,39861,39886,39823,39863,39602.8166666667,39682.8166666667,39802.8166666667,39492.8166666667,39402.8166666667,39698.91724192,39632.3814581528,0.7875254385
2026-04-30 23:30:01,MXF1!,10,2026-04-30 23:20:00,39866,39866,39817,39848,39608.0979166667,39688.0979166667,39808.0979166667,39498.0979166667,39408.0979166667,39704.7636245898,39636.6511322488,0.7826805618
2026-04-30 23:39:59,MXF1!,10,2026-04-30 23:30:00,39849,39905,39817,39834,39613.8,39693.8,39813.8,39503.8,39413.8,39709.8317177431,39640.5590306201,0.7781207463
2026-04-30 23:49:59,MXF1!,10,2026-04-30 23:40:00,39832,39845,39782,39823,39619.2125,39699.2125,39819.2125,39509.2125,39419.2125,39714.2696895963,39644.1717230831,0.7744722275
2026-05-01 00:00:04,MXF1!,10,2026-04-30 23:50:00,39824,39865,39820,39836,39624.1375,39704.1375,39824.1375,39514.1375,39424.1375,39719.0434272592,39647.970302824,0.7778450753
2026-05-01 00:10:01,MXF1!,10,2026-05-01 00:00:00,39838,39859,39795,39837,39628.6291666667,39708.6291666667,39828.6291666667,39518.6291666667,39428.6291666667,39723.6691752098,39651.7134651443,0.7776755798
2026-05-01 00:20:04,MXF1!,10,2026-05-01 00:10:00,39836,39880,39834,39863,39632.8625,39712.8625,39832.8625,39522.8625,39432.8625,39729.1331291232,39655.8973569237,0.7848593287
2026-05-01 00:30:05,MXF1!,10,2026-05-01 00:20:00,39867,39877,39840,39864,39636.8729166667,39716.8729166667,39836.8729166667,39526.8729166667,39436.8729166667,39734.4220260203,39660.018201341,0.784678252
2026-05-01 00:40:01,MXF1!,10,2026-05-01 00:30:00,39868,39873,39847,39865,39641.528125,39721.528125,39841.528125,39531.528125,39441.528125,39739.5427308823,39664.077246859,0.7844900848
2026-05-01 00:50:02,MXF1!,10,2026-05-01 00:40:00,39865,39867,39810,39832,39646.071875,39726.071875,39846.071875,39536.071875,39446.071875,39743.1685061418,39667.4024498915,0.7742851966
2026-05-01 01:00:11,MXF1!,10,2026-05-01 00:50:00,39831,39835,39778,39804,39650.1197916667,39730.1197916667,39850.1197916667,39540.1197916667,39450.1197916667,39745.5540549205,39670.1073518739,0.7655609292
2026-05-01 01:10:02,MXF1!,10,2026-05-01 01:00:00,39808,39856,39805,39847,39654.5395833333,39734.5395833333,39854.5395833333,39544.5395833333,39454.5395833333,39749.5323272766,39673.6101765892,0.777819162
2026-05-01 01:20:03,MXF1!,10,2026-05-01 01:10:00,39845,39864,39810,39825,39660.3677083333,39740.3677083333,39860.3677083333,39550.3677083333,39460.3677083333,39752.491843854,39676.6079948746,0.7708411639
2026-05-01 01:30:07,MXF1!,10,2026-05-01 01:20:00,39828,39862,39805,39862,39665.7041666667,39745.7041666667,39865.7041666667,39555.7041666667,39465.7041666667,39756.7862813499,39680.279123689,0.7813348676
2026-05-01 01:40:04,MXF1!,10,2026-05-01 01:30:00,39861,39965,39859,39955,39671.6541666667,39751.6541666667,39871.6541666667,39561.6541666667,39471.6541666667,39764.5593683558,39685.7191410416,0.8084237645
2026-05-01 01:50:01,MXF1!,10,2026-05-01 01:40:00,39956,39978,39939,39943,39677.5708333333,39757.5708333333,39877.5708333333,39567.5708333333,39477.5708333333,39771.557040185,39690.8138115161,0.8043344816
2026-05-01 02:00:06,MXF1!,10,2026-05-01 01:50:00,39941,39985,39927,39977,39683.853125,39763.853125,39883.853125,39573.853125,39483.853125,39779.6136268444,39696.4808647534,0.8139012492
2026-05-01 02:10:02,MXF1!,10,2026-05-01 02:00:00,39980,40048,39979,40020,39686.1291666667,39766.1291666667,39886.1291666667,39576.1291666667,39486.1291666667,39789.0405434387,39702.8871842632,0.8261321973
2026-05-01 02:20:01,MXF1!,10,2026-05-01 02:10:00,40018,40064,40010,40046,39688.8854166667,39768.8854166667,39888.8854166667,39578.8854166667,39488.8854166667,39799.1173848725,39709.6814974461,0.8333062991
2026-05-01 02:30:04,MXF1!,10,2026-05-01 02:20:00,40047,40058,40022,40036,39692.6,39772.6,39892.6,39582.6,39492.6,39808.4068991912,39716.1432499719,0.829772083
2026-05-01 02:40:04,MXF1!,10,2026-05-01 02:30:00,40034,40073,40034,40063,39697.1489583333,39777.1489583333,39897.1489583333,39587.1489583333,39497.1489583333,39818.3909423602,39723.0117004675,0.8372549441
2026-05-01 02:50:03,MXF1!,10,2026-05-01 02:40:00,40060,40075,40044,40063,39701.2458333333,39781.2458333333,39901.2458333333,39591.2458333333,39501.2458333333,39827.9834544245,39729.7441420424,0.8366978913
2026-05-01 03:00:04,MXF1!,10,2026-05-01 02:50:00,40062,40083,40053,40060,39706.490625,39786.490625,39906.490625,39596.490625,39506.490625,39837.0821424863,39736.283862002,0.8352452816
2026-05-01 03:10:01,MXF1!,10,2026-05-01 03:00:00,40061,40153,40053,40142,39711.3260416667,39791.3260416667,39911.3260416667,39601.3260416667,39511.3260416667,39849.039705526,39744.3178449327,0.8591510894
2026-05-01 03:20:02,MXF1!,10,2026-05-01 03:10:00,40145,40166,40122,40136,39715.1447916667,39795.1447916667,39915.1447916667,39605.1447916667,39515.1447916667,39860.2930504074,39752.0739272112,0.8567417847
2026-05-01 03:30:02,MXF1!,10,2026-05-01 03:20:00,40137,40145,40108,40132,39718.9927083333,39798.9927083333,39918.9927083333,39608.9927083333,39518.9927083333,39870.9482249012,39759.5972157813,0.8549184862
2026-05-01 03:39:59,MXF1!,10,2026-05-01 03:30:00,40128,40194,40125,40194,39724.0177083333,39804.0177083333,39924.0177083333,39614.0177083333,39524.0177083333,39883.6169219639,39768.1992511124,0.8728039839
2026-05-01 03:50:00,MXF1!,10,2026-05-01 03:40:00,40192,40220,40157,40220,39730.459375,39810.459375,39930.459375,39620.459375,39530.459375,39896.8084152202,39777.1458005953,0.8799157772
2026-05-01 04:00:01,MXF1!,10,2026-05-01 03:50:00,40220,40234,40118,40118,39736.8375,39816.8375,39936.8375,39626.8375,39536.8375,39905.4825950155,39783.8953887023,0.8487444249
2026-05-01 04:10:00,MXF1!,10,2026-05-01 04:00:00,40117,40177,40053,40131,39743.1802083333,39823.1802083333,39943.1802083333,39633.1802083333,39543.1802083333,39914.3264148188,39790.7687473419,0.8520363135
2026-05-01 04:19:59,MXF1!,10,2026-05-01 04:10:00,40130,40135,40109,40117,39749.4885416667,39829.4885416667,39949.4885416667,39639.4885416667,39549.4885416667,39922.2743985514,39797.228772147,0.8472540889
2026-05-01 04:30:02,MXF1!,10,2026-05-01 04:20:00,40119,40152,40112,40124,39755.6604166667,39835.6604166667,39955.6604166667,39645.6604166667,39555.6604166667,39930.1852064514,39803.6994895302,0.848756202
2026-05-01 04:40:03,MXF1!,10,2026-05-01 04:30:00,40122,40125,40085,40093,39761.6489583333,39841.6489583333,39961.6489583333,39651.6489583333,39561.6489583333,39936.570100316,39809.4282125098,0.8388695064
2026-05-01 04:50:00,MXF1!,10,2026-05-01 04:40:00,40090,40090,39968,40022,39766.6729166667,39846.6729166667,39966.6729166667,39656.6729166667,39566.6729166667,39939.9202924605,39813.6375548363,0.816981752
2026-05-01 05:01:02,MXF1!,10,2026-05-01 04:50:00,40020,40099,40007,40094,39771.4729166667,39851.4729166667,39971.4729166667,39661.4729166667,39571.4729166667,39945.9626339326,39819.1892864237,0.8380736834
2026-05-04 08:55:00,MXF1!,10,2026-05-04 08:45:00,40423,40448,40230,40324,39778.7208333333,39858.7208333333,39978.7208333333,39668.7208333333,39578.7208333333,39960.7876286804,39829.1855381777,0.9065402961
2026-05-04 09:05:01,MXF1!,10,2026-05-04 08:55:00,40323,40364,40164,40242,39785.9416666667,39865.9416666667,39985.9416666667,39675.9416666667,39585.9416666667,39971.8155648105,39837.3600819762,0.881131062
2026-05-04 09:15:01,MXF1!,10,2026-05-04 09:05:00,40237,40540,40186,40513,39794.4479166667,39874.4479166667,39994.4479166667,39684.4479166667,39594.4479166667,39993.0384838376,39850.7390902539,0.9617840282
2026-05-04 09:25:00,MXF1!,10,2026-05-04 09:15:00,40516,40565,40388,40448,39804.8166666667,39884.8166666667,40004.8166666667,39694.8166666667,39604.8166666667,40010.8801119224,39862.5660389617,0.9412133945
2026-05-04 09:35:03,MXF1!,10,2026-05-04 09:25:00,40446,40483,40287,40377,39815.1364583333,39895.1364583333,40015.1364583333,39705.1364583333,39615.1364583333,40025.2377545921,39872.7528500714,0.9189519376
2026-05-04 09:45:01,MXF1!,10,2026-05-04 09:35:00,40372,40598,40335,40591,39827.278125,39907.278125,40027.278125,39717.278125,39627.278125,40047.424509314,39886.9755659116,0.9822758617
2026-05-04 09:55:01,MXF1!,10,2026-05-04 09:45:00,40593,40637,40514,40604,39840.165625,39920.165625,40040.165625,39730.165625,39640.165625,40069.2509991448,39901.1740695569,0.9849779399
2026-05-04 10:05:01,MXF1!,10,2026-05-04 09:55:00,40607,40660,40536,40648,39853.4197916667,39933.4197916667,40053.4197916667,39743.4197916667,39653.4197916667,40091.947038394,39915.9627018429,0.9969610328
2026-05-04 10:15:00,MXF1!,10,2026-05-04 10:05:00,40649,40695,40580,40689,39866.09375,39946.09375,40066.09375,39756.09375,39666.09375,40115.3608800256,39931.2703711133,1.0079880877
2026-05-04 10:25:00,MXF1!,10,2026-05-04 10:15:00,40690,40718,40622,40694,39878.975,39958.975,40078.975,39768.975,39678.975,40138.0526102207,39946.373928121,1.008300917
2026-05-04 10:35:01,MXF1!,10,2026-05-04 10:25:00,40694,40788,40684,40779,39893.4270833333,39973.4270833333,40093.4270833333,39783.4270833333,39693.4270833333,40163.1878019767,39962.8615731087,1.0325350948
2026-05-04 10:45:00,MXF1!,10,2026-05-04 10:35:00,40780,40905,40764,40854,39909.0239583333,39989.0239583333,40109.0239583333,39799.0239583333,39709.0239583333,40190.278476409,39980.5078785917,1.0535416746
2026-05-04 10:55:00,MXF1!,10,2026-05-04 10:45:00,40853,40940,40838,40925,39924.2604166667,40004.2604166667,40124.2604166667,39814.2604166667,39724.2604166667,40219.0910851773,39999.210692877,1.0731164756
2026-05-04 11:05:01,MXF1!,10,2026-05-04 10:55:00,40927,40970,40895,40964,39939.3385416667,40019.3385416667,40139.3385416667,39829.3385416667,39739.3385416667,40248.3031994841,40018.3154316319,1.0830279443
2026-05-04 11:15:01,MXF1!,10,2026-05-04 11:05:00,40964,40991,40912,40937,39954.409375,40034.409375,40154.409375,39844.409375,39754.409375,40275.3109171514,40036.507205263,1.0732569092
2026-05-04 11:25:00,MXF1!,10,2026-05-04 11:15:00,40937,40941,40863,40896,39968.609375,40048.609375,40168.609375,39858.609375,39768.609375,40299.6516654984,40053.5268645647,1.0593992982
2026-05-04 11:35:01,MXF1!,10,2026-05-04 11:25:00,40893,40914,40869,40888,39982.728125,40062.728125,40182.728125,39872.728125,39782.728125,40322.7241492043,40070.0510850683,1.0554355673
2026-05-04 11:45:01,MXF1!,10,2026-05-04 11:35:00,40889,40950,40881,40942,39996.98125,40076.98125,40196.98125,39886.98125,39796.98125,40347.0094766865,40087.3174002155,1.0698568543
2026-05-04 11:55:01,MXF1!,10,2026-05-04 11:45:00,40946,40979,40928,40955,40010.959375,40090.959375,40210.959375,39900.959375,39810.959375,40370.8522423066,40104.4992338746,1.0720221446
2026-05-04 12:05:03,MXF1!,10,2026-05-04 11:55:00,40955,40993,40920,40933,40024.7625,40104.7625,40224.7625,39914.7625,39824.7625,40392.8972524123,40120.9051896395,1.0638384109
2026-05-04 12:15:04,MXF1!,10,2026-05-04 12:05:00,40935,40997,40911,40975,40038.7395833333,40118.7395833333,40238.7395833333,39928.7395833333,39838.7395833333,40415.7248111412,40137.8179581615,1.0745868889
2026-05-04 12:25:01,MXF1!,10,2026-05-04 12:15:00,40974,40990,40955,40963,40052.1489583333,40132.1489583333,40252.1489583333,39942.1489583333,39852.1489583333,40437.1865832533,40154.1581966137,1.0693178946
2026-05-04 12:35:00,MXF1!,10,2026-05-04 12:25:00,40962,41012,40962,41003,40065.4895833333,40145.4895833333,40265.4895833333,39955.4895833333,39865.4895833333,40459.3753446944,40170.9669451956,1.0794058929
2026-05-04 12:45:02,MXF1!,10,2026-05-04 12:35:00,41002,41027,40984,41017,40079.6760416667,40159.6760416667,40279.6760416667,39969.6760416667,39879.6760416667,40481.2429782358,40187.7200749937,1.0817390648
2026-05-04 12:55:00,MXF1!,10,2026-05-04 12:45:00,41018,41021,40966,40976,40093.7958333333,40173.7958333333,40293.7958333333,39983.7958333333,39893.7958333333,40500.6452143834,40203.3295784592,1.0679192442
2026-05-04 13:04:59,MXF1!,10,2026-05-04 12:55:00,40975,41006,40964,40976,40108.19375,40188.19375,40308.19375,39998.19375,39908.19375,40519.2865785252,40218.6299828461,1.0662056104
2026-05-04 13:14:59,MXF1!,10,2026-05-04 13:05:00,40977,41017,40967,40979,40122.6833333333,40202.6833333333,40322.6833333333,40012.6833333333,39922.6833333333,40537.3145558379,40233.686814869,1.0653435968
2026-05-04 13:24:59,MXF1!,10,2026-05-04 13:15:00,40978,41021,40965,40991,40135.8625,40215.8625,40335.8625,40025.8625,39935.8625,40555.1061418835,40248.6831155647,1.0671449762
2026-05-04 13:34:58,MXF1!,10,2026-05-04 13:25:00,40989,41016,40967,40999,40149.34375,40229.34375,40349.34375,40039.34375,39949.34375,40572.5137441626,40263.5408756525,1.067745228
2026-05-04 13:44:59,MXF1!,10,2026-05-04 13:35:00,40996,41074,40970,41041,40163.0104166667,40243.0104166667,40363.0104166667,40053.0104166667,39963.0104166667,40590.8857541954,40278.9361058376,1.078282541
2026-05-04 13:46:58,MXF1!,10,2026-05-04 13:45:00,41042,41042,41042,41042,40164.3864583333,40244.3864583333,40364.3864583333,40054.3864583333,39964.3864583333,40608.5765089329,40294.0462819596,1.076778707
2026-05-04 15:10:02,MXF1!,10,2026-05-04 15:00:00,40999,41045,40896,41034,40177.4,40257.4,40377.4,40067.4,39977.4,40625.2597830924,40308.6988308317,1.0727033157
2026-05-04 15:20:00,MXF1!,10,2026-05-04 15:10:00,41035,41166,41021,41158,40191.5135416667,40271.5135416667,40391.5135416667,40081.5135416667,39991.5135416667,40646.1515563044,40325.5166757657,1.1069996019
2026-05-04 15:30:03,MXF1!,10,2026-05-04 15:20:00,41155,41184,41110,41143,40205.9270833333,40285.9270833333,40405.9270833333,40095.9270833333,40005.9270833333,40665.6358089984,40341.7044643644,1.1006170502
2026-05-04 15:40:01,MXF1!,10,2026-05-04 15:30:00,41144,41150,41078,41095,40219.9666666667,40299.9666666667,40419.9666666667,40109.9666666667,40019.9666666667,40682.4736204102,40356.6212076443,1.0847096248
2026-05-04 15:50:03,MXF1!,10,2026-05-04 15:40:00,41096,41145,41078,41117,40234.475,40314.475,40434.475,40124.475,40034.475,40699.5138705902,40371.6782134336,1.0892371434
2026-05-04 16:00:15,MXF1!,10,2026-05-04 15:50:00,41117,41132,41078,41081,40249.0760416667,40329.0760416667,40449.0760416667,40139.0760416667,40049.0760416667,40714.4741109592,40385.7241894052,1.0769757366
2026-05-04 16:09:59,MXF1!,10,2026-05-04 16:00:00,41082,41091,41009,41054,40262.6947916667,40342.6947916667,40462.6947916667,40152.6947916667,40062.6947916667,40727.7888517059,40398.9573737734,1.067424212
2026-05-04 16:20:00,MXF1!,10,2026-05-04 16:10:00,41050,41080,41038,41051,40276.0770833333,40356.0770833333,40476.0770833333,40166.0770833333,40076.0770833333,40740.4637986978,40411.8691089462,1.064871703
2026-05-04 16:29:59,MXF1!,10,2026-05-04 16:20:00,41049,41095,41041,41085,40289.0927083333,40369.0927083333,40489.0927083333,40179.0927083333,40089.0927083333,40753.9750222783,40425.1984335215,1.0729851399
2026-05-04 16:40:00,MXF1!,10,2026-05-04 16:30:00,41084,41116,41083,41110,40302.484375,40382.484375,40502.484375,40192.484375,40102.484375,40767.9367861105,40438.7588605805,1.0784508579
2026-05-04 16:49:59,MXF1!,10,2026-05-04 16:40:00,41110,41119,41090,41100,40315.9614583333,40395.9614583333,40515.9614583333,40205.9614583333,40115.9614583333,40780.9588729297,40451.8527445294,1.0738189777
2026-05-04 17:00:03,MXF1!,10,2026-05-04 16:50:00,41097,41103,41079,41083,40329.3447916667,40409.3447916667,40529.3447916667,40219.3447916667,40129.3447916667,40792.8036230109,40464.3507099843,1.0672238937
2026-05-04 17:10:12,MXF1!,10,2026-05-04 17:00:00,41082,41102,41069,41084,40342.609375,40422.609375,40542.609375,40232.609375,40142.609375,40804.2230887752,40476.6209929549,1.0658224012
2026-05-04 17:19:59,MXF1!,10,2026-05-04 17:10:00,41087,41113,41085,41088,40355.4177083333,40435.4177083333,40555.4177083333,40245.4177083333,40155.4177083333,40815.3515950977,40488.7275079459,1.0653065696
2026-05-04 17:30:01,MXF1!,10,2026-05-04 17:20:00,41088,41094,41044,41065,40367.7979166667,40447.7979166667,40567.7979166667,40257.7979166667,40167.7979166667,40825.1417286233,40500.1388444222,1.0570791567
2026-05-04 17:40:02,MXF1!,10,2026-05-04 17:30:00,41063,41092,41048,41075,40380.4791666667,40460.4791666667,40580.4791666667,40270.4791666667,40180.4791666667,40834.9400922067,40511.5222336415,1.0582365963
2026-05-04 17:49:59,MXF1!,10,2026-05-04 17:40:00,41076,41076,41046,41069,40393.1,40473.1,40593.1,40283.1,40193.1,40844.1189121202,40522.5613973318,1.0546613699
2026-05-04 18:00:03,MXF1!,10,2026-05-04 17:50:00,41068,41094,41040,41042,40405.4104166667,40485.4104166667,40605.4104166667,40295.4104166667,40205.4104166667,40851.8789547821,40532.8473102559,1.0452296355
2026-05-04 18:10:02,MXF1!,10,2026-05-04 18:00:00,41047,41051,40600,40655,40414.940625,40494.940625,40614.940625,40304.940625,40214.940625,40844.1582114573,40535.2661753994,0.9333045377
2026-05-04 18:20:01,MXF1!,10,2026-05-04 18:10:00,40657,40709,40559,40606,40423.0760416667,40503.0760416667,40623.0760416667,40313.0760416667,40223.0760416667,40834.8186737531,40536.6668451934,0.9183292438
2026-05-04 18:30:02,MXF1!,10,2026-05-04 18:20:00,40605,40766,40546,40749,40431.7677083333,40511.7677083333,40631.7677083333,40321.7677083333,40231.7677083333,40831.4532355667,40540.8714621203,0.9581708479
2026-05-04 18:39:59,MXF1!,10,2026-05-04 18:30:00,40748,40936,40737,40872,40443.3229166667,40523.3229166667,40643.3229166667,40333.3229166667,40243.3229166667,40833.0433047602,40547.4284628704,0.9921484895
2026-05-04 18:50:02,MXF1!,10,2026-05-04 18:40:00,40868,40926,40857,40918,40455.74375,40535.74375,40655.74375,40345.74375,40255.74375,40836.3749398676,40554.7665131106,1.0038933071
2026-05-04 19:00:06,MXF1!,10,2026-05-04 18:50:00,40918,40961,40888,40902,40469.4614583333,40549.4614583333,40669.4614583333,40359.4614583333,40269.4614583333,40838.9484716375,40561.6424237421,0.9978743486
2026-05-04 19:10:00,MXF1!,10,2026-05-04 19:00:00,40905,40975,40888,40940,40483.1979166667,40563.1979166667,40683.1979166667,40373.1979166667,40283.1979166667,40842.9112766714,40569.1346529749,1.0072062306
2026-05-04 19:20:03,MXF1!,10,2026-05-04 19:10:00,40940,40988,40922,40955,40497.6760416667,40577.6760416667,40697.6760416667,40387.6760416667,40297.6760416667,40847.3069128803,40576.7755509358,1.0099453667
2026-05-04 19:30:00,MXF1!,10,2026-05-04 19:20:00,40957,40976,40932,40934,40511.6729166667,40591.6729166667,40711.6729166667,40401.6729166667,40311.6729166667,40850.706641787,40583.8493024024,1.0024615761
2026-05-04 19:40:02,MXF1!,10,2026-05-04 19:30:00,40934,40941,40826,40884,40525.2135416667,40605.2135416667,40725.2135416667,40415.2135416667,40325.2135416667,40852.0122636777,40589.7928805727,0.9868422494
2026-05-04 19:50:01,MXF1!,10,2026-05-04 19:40:00,40881,40917,40861,40883,40538.1489583333,40618.1489583333,40738.1489583333,40428.1489583333,40338.1489583333,40853.2274690237,40595.5989621455,0.9851744905
2026-05-04 20:00:09,MXF1!,10,2026-05-04 19:50:00,40882,40958,40870,40935,40550.3802083333,40630.3802083333,40750.3802083333,40440.3802083333,40350.3802083333,40856.4342349443,40602.3197747763,0.9984728937
2026-05-04 20:10:01,MXF1!,10,2026-05-04 20:00:00,40937,40981,40937,40955,40562.1864583333,40642.1864583333,40762.1864583333,40452.1864583333,40362.1864583333,40860.2995590641,40609.3035416124,1.0026809792
2026-05-04 20:20:01,MXF1!,10,2026-05-04 20:10:00,40954,41028,40931,41017,40573.7677083333,40653.7677083333,40773.7677083333,40463.7677083333,40373.7677083333,40866.444674395,40617.3767388082,1.0186683917
2026-05-04 20:30:01,MXF1!,10,2026-05-04 20:20:00,41017,41044,41001,41011,40585.9916666667,40665.9916666667,40785.9916666667,40475.9916666667,40385.9916666667,40872.1135106932,40625.1712588318,1.015434231
2026-05-04 20:40:01,MXF1!,10,2026-05-04 20:30:00,41010,41015,40950,40981,40597.7625,40677.7625,40797.7625,40487.7625,40397.7625,40876.3835690974,40632.2173725183,1.0054825727
2026-05-04 20:50:01,MXF1!,10,2026-05-04 20:40:00,40982,40995,40930,40939,40609.5635416667,40689.5635416667,40809.5635416667,40499.5635416667,40409.5635416667,40878.8391154073,40638.2922760328,0.9922321615
2026-05-04 21:00:05,MXF1!,10,2026-05-04 20:50:00,40936,40966,40890,40911,40620.946875,40700.946875,40820.946875,40510.946875,40420.946875,40880.1003265678,40643.6924289826,0.9829849591
2026-05-04 21:10:01,MXF1!,10,2026-05-04 21:00:00,40911,40940,40805,40940,40631.9458333333,40711.9458333333,40831.9458333333,40521.9458333333,40431.9458333333,40882.449333369,40649.5599056364,0.9897395391
2026-05-04 21:20:03,MXF1!,10,2026-05-04 21:10:00,40937,40988,40880,40883,40642.7760416667,40722.7760416667,40842.7760416667,40532.7760416667,40442.7760416667,40882.4709281389,40654.1824817624,0.9724283549
2026-05-04 21:30:03,MXF1!,10,2026-05-04 21:20:00,40885,40926,40861,40926,40653.521875,40733.521875,40853.521875,40543.521875,40453.521875,40884.1779505648,40659.565006876,0.9831747755
2026-05-04 21:40:05,MXF1!,10,2026-05-04 21:30:00,40926,41010,40863,40973,40664.7895833333,40744.7895833333,40864.7895833333,40554.7895833333,40464.7895833333,40887.6611681897,40665.7716404033,0.9949406837
2026-05-04 21:50:02,MXF1!,10,2026-05-04 21:40:00,40971,41048,40950,40985,40676.9145833333,40756.9145833333,40876.9145833333,40566.9145833333,40476.9145833333,40891.4783772803,40672.0929940586,0.9968401784
2026-05-04 22:00:08,MXF1!,10,2026-05-04 21:50:00,40984,41023,40938,41022,40689.3677083333,40769.3677083333,40889.3677083333,40579.3677083333,40489.3677083333,40896.5968722889,40679.0218456614,1.0056497495
2026-05-04 22:10:02,MXF1!,10,2026-05-04 22:00:00,41017,41050,40962,40986,40701.6,40781.6,40901.6,40591.6,40501.6,40900.1028772972,40685.1006209949,0.9941372379
2026-05-04 22:20:02,MXF1!,10,2026-05-04 22:10:00,40988,41085,40975,41060,40714.1822916667,40794.1822916667,40914.1822916667,40604.1822916667,40514.1822916667,40906.3733526973,40692.5243710742,1.0132682146
2026-05-04 22:30:09,MXF1!,10,2026-05-04 22:20:00,41062,41107,40988,40996,40726.8833333333,40806.8833333333,40926.8833333333,40616.8833333333,40526.8833333333,40909.8881231798,40698.5337894688,0.993997196
2026-05-04 22:40:03,MXF1!,10,2026-05-04 22:30:00,40994,41027,40975,40981,40737.8885416667,40817.8885416667,40937.8885416667,40627.8885416667,40537.8885416667,40912.6768242316,40704.1271797763,0.9884253016
2026-05-04 22:50:02,MXF1!,10,2026-05-04 22:40:00,40981,41035,40980,40992,40748.9270833333,40828.9270833333,40948.9270833333,40638.9270833333,40548.9270833333,40915.7875370068,40709.8276316619,0.9900686296
2026-05-04 23:00:03,MXF1!,10,2026-05-04 22:50:00,40990,40996,40860,40877,40759.1041666667,40839.1041666667,40959.1041666667,40649.1041666667,40559.1041666667,40914.2664571242,40713.1379755894,0.9568970936
2026-05-04 23:10:02,MXF1!,10,2026-05-04 23:00:00,40877,40930,40821,40886,40768.09375,40848.09375,40968.09375,40658.09375,40568.09375,40913.1579686095,40716.5609859738,0.9581827357
2026-05-04 23:20:07,MXF1!,10,2026-05-04 23:10:00,40886,40903,40737,40757,40776.53125,40856.53125,40976.53125,40666.53125,40576.53125,40907.0341267032,40717.3617585288,0.9213594084
2026-05-04 23:30:09,MXF1!,10,2026-05-04 23:20:00,40754,40788,40644,40756,40783.7645833333,40863.7645833333,40983.7645833333,40673.7645833333,40583.7645833333,40901.1112197737,40718.1268722212,0.9200728852
2026-05-04 23:40:01,MXF1!,10,2026-05-04 23:30:00,40760,40761,40681,40717,40790.634375,40870.634375,40990.634375,40680.634375,40590.634375,40893.8911719394,40718.1045579198,0.90830431
2026-05-04 23:50:02,MXF1!,10,2026-05-04 23:40:00,40715,40768,40669,40712,40797.5677083333,40877.5677083333,40997.5677083333,40687.5677083333,40597.5677083333,40886.7581848046,40717.9836755848,0.9059678292
2026-05-05 00:00:05,MXF1!,10,2026-05-04 23:50:00,40711,40753,40659,40704,40804.2895833333,40884.2895833333,41004.2895833333,40694.2895833333,40604.2895833333,40879.5911971652,40717.7067711178,0.9028004962
2026-05-05 00:10:03,MXF1!,10,2026-05-05 00:00:00,40707,40721,40595,40650,40810.0947916667,40890.0947916667,41010.0947916667,40700.0947916667,40610.0947916667,40870.5876208057,40716.3660429768,0.886974527
2026-05-05 00:20:02,MXF1!,10,2026-05-05 00:10:00,40647,40764,40582,40710,40815.3427083333,40895.3427083333,41015.3427083333,40705.3427083333,40615.3427083333,40864.2900670487,40716.2399827199,0.9026164369
2026-05-05 00:30:10,MXF1!,10,2026-05-05 00:20:00,40712,40755,40697,40715,40821.4864583333,40901.4864583333,41021.4864583333,40711.4864583333,40621.4864583333,40858.4355546154,40716.2154286066,0.9030509793
2026-05-05 00:40:04,MXF1!,10,2026-05-05 00:30:00,40714,40757,40670,40673,40827.2260416667,40907.2260416667,41027.2260416667,40717.2260416667,40627.2260416667,40851.1635720814,40715.3596775451,0.890555852
2026-05-05 00:50:03,MXF1!,10,2026-05-05 00:40:00,40674,40704,40667,40700,40832.4489583333,40912.4489583333,41032.4489583333,40722.4489583333,40632.4489583333,40845.2355888626,40715.0555255145,0.8970937978
2026-05-05 01:00:10,MXF1!,10,2026-05-05 00:50:00,40698,40702,40660,40685,40837.478125,40917.478125,41037.478125,40727.478125,40637.478125,40838.9518402797,40714.4603665934,0.892057171
2026-05-05 01:10:06,MXF1!,10,2026-05-05 01:00:00,40691,40788,40681,40760,40843.9916666667,40923.9916666667,41043.9916666667,40733.9916666667,40643.9916666667,40835.8556896805,40715.3621415123,0.9117857311
2026-05-05 01:20:02,MXF1!,10,2026-05-05 01:10:00,40765,40836,40725,40827,40850.6927083333,40930.6927083333,41050.6927083333,40740.6927083333,40650.6927083333,40835.5084077323,40717.5727921755,0.9292200941
2026-05-05 01:30:05,MXF1!,10,2026-05-05 01:20:00,40828,40845,40808,40831,40857.8708333333,40937.8708333333,41057.8708333333,40747.8708333333,40657.8708333333,40835.331607429,40719.8188754987,0.9292634176
2026-05-05 01:40:02,MXF1!,10,2026-05-05 01:30:00,40831,40846,40764,40788,40865.20625,40945.20625,41065.20625,40755.20625,40665.20625,40833.4754659612,40721.168996776,0.9164065595
2026-05-05 01:50:05,MXF1!,10,2026-05-05 01:40:00,40789,40799,40767,40789,40873.0760416667,40953.0760416667,41073.0760416667,40763.0760416667,40673.0760416667,40831.7313300412,40722.5121849586,0.9156880507
2026-05-05 02:00:08,MXF1!,10,2026-05-05 01:50:00,40787,40806,40777,40777,40880.5197916667,40960.5197916667,41080.5197916667,40770.5197916667,40680.5197916667,40829.5850033729,40723.5911515931,0.9114125172
2026-05-05 02:10:03,MXF1!,10,2026-05-05 02:00:00,40775,40799,40763,40766,40885.58125,40965.58125,41085.58125,40775.58125,40685.58125,40827.0914738289,40724.4309307695,0.9074258028
2026-05-05 02:20:03,MXF1!,10,2026-05-05 02:10:00,40764,40778,40734,40755,40890.7052083333,40970.7052083333,41090.7052083333,40780.7052083333,40690.7052083333,40824.2643572081,40725.0362588731,0.9034600667
2026-05-05 02:30:07,MXF1!,10,2026-05-05 02:20:00,40749,40758,40696,40738,40893.990625,40973.990625,41093.990625,40783.990625,40693.990625,40820.8814412392,40725.2929666181,0.8978630983
2026-05-05 02:40:05,MXF1!,10,2026-05-05 02:30:00,40743,40754,40727,40740,40896.75,40976.75,41096.75,40786.75,40696.75,40817.7096200141,40725.5841950019,0.8975104343
2026-05-05 02:50:06,MXF1!,10,2026-05-05 02:40:00,40740,40746,40688,40722,40900.2958333333,40980.2958333333,41100.2958333333,40790.2958333333,40700.2958333333,40813.9563015822,40725.5132208435,0.8917160887
2026-05-05 03:00:08,MXF1!,10,2026-05-05 02:50:00,40728,40749,40685,40741,40902.5489583333,40982.5489583333,41102.5489583333,40792.5489583333,40702.5489583333,40811.0952701476,40725.8198897377,0.8960472679
2026-05-05 03:10:02,MXF1!,10,2026-05-05 03:00:00,40750,40803,40731,40777,40904.3104166667,40984.3104166667,41104.3104166667,40794.3104166667,40704.3104166667,40809.75820073,40726.8333572676,0.905000203
2026-05-05 03:20:04,MXF1!,10,2026-05-05 03:10:00,40773,40792,40767,40773,40905.965625,40985.965625,41105.965625,40795.965625,40705.965625,40808.3167026622,40727.7475482128,0.9029873557
2026-05-05 03:30:13,MXF1!,10,2026-05-05 03:20:00,40775,40786,40740,40774,40907.2927083333,40987.2927083333,41107.2927083333,40797.2927083333,40707.2927083333,40806.9709496166,40728.6634383472,0.9023691355
2026-05-05 03:40:03,MXF1!,10,2026-05-05 03:30:00,40774,40813,40774,40793,40908.5177083333,40988.5177083333,41108.5177083333,40798.5177083333,40708.5177083333,40806.4230692395,40729.9374296671,0.9066638198
2026-05-05 03:50:03,MXF1!,10,2026-05-05 03:40:00,40795,40816,40775,40808,40909.1645833333,40989.1645833333,41109.1645833333,40799.1645833333,40709.1645833333,40806.4849096615,40731.483223139,0.9098685058
2026-05-05 04:00:09,MXF1!,10,2026-05-05 03:50:00,40805,40808,40760,40788,40908.4020833333,40988.4020833333,41108.4020833333,40798.4020833333,40708.4020833333,40805.7600112434,40732.6023672353,0.9034882603
2026-05-05 04:10:01,MXF1!,10,2026-05-05 04:00:00,40786,40786,40722,40733,40906.7645833333,40986.7645833333,41106.7645833333,40796.7645833333,40706.7645833333,40802.9066774691,40732.6102411514,0.8875927578
2026-05-05 04:20:23,MXF1!,10,2026-05-05 04:10:00,40734,40753,40713,40739,40904.6635416667,40984.6635416667,41104.6635416667,40794.6635416667,40704.6635416667,40800.4005332547,40732.7367710296,0.8884504742
2026-05-05 04:30:06,MXF1!,10,2026-05-05 04:20:00,40736,40746,40727,40742,40902.653125,40982.653125,41102.653125,40792.653125,40702.653125,40798.1103162643,40732.9202013062,0.8884725689
2026-05-05 04:40:19,MXF1!,10,2026-05-05 04:30:00,40745,40760,40740,40754,40901.0802083333,40981.0802083333,41101.0802083333,40791.0802083333,40701.0802083333,40796.3804999402,40733.3376230626,0.8909528723
2026-05-05 04:50:01,MXF1!,10,2026-05-05 04:40:00,40754,40760,40740,40743,40899.6010416667,40979.6010416667,41099.6010416667,40789.6010416667,40699.6010416667,40794.2871470014,40733.5289572593,0.8871334378
2026-05-05 05:01:02,MXF1!,10,2026-05-05 04:50:00,40746,40800,40740,40799,40898.0947916667,40978.0947916667,41098.0947916667,40788.0947916667,40698.0947916667,40794.471964766,40734.8254135512,0.9016442591
2026-05-05 08:54:59,MXF1!,10,2026-05-05 08:45:00,40943,40949,40843,40899,40897.3177083333,40977.3177083333,41097.3177083333,40787.3177083333,40697.3177083333,40798.5711034026,40738.0763954611,0.9280843105
2026-05-05 09:04:59,MXF1!,10,2026-05-05 08:55:00,40901,41046,40856,41037,40897.1708333333,40977.1708333333,41097.1708333333,40787.1708333333,40697.1708333333,40807.9212562104,40743.9956747589,0.9647501782
2026-05-05 09:14:58,MXF1!,10,2026-05-05 09:05:00,41038,41091,40957,40999,40897.6989583333,40977.6989583333,41097.6989583333,40787.6989583333,40697.6989583333,40815.4145402806,40749.0452653577,0.9532244033
2026-05-05 09:24:58,MXF1!,10,2026-05-05 09:15:00,40996,41072,40977,41022,40898.2020833333,40978.2020833333,41098.2020833333,40788.2020833333,40698.2020833333,40823.5159308578,40754.4503096081,0.9583517745
2026-05-05 09:34:58,MXF1!,10,2026-05-05 09:25:00,41024,41028,40806,40906,40897.4052083333,40977.4052083333,41097.4052083333,40787.4052083333,40697.4052083333,40826.7506002359,40757.4512935762,0.9256086848
2026-05-05 09:44:58,MXF1!,10,2026-05-05 09:35:00,40908,40985,40826,40838,40896.2552083333,40976.2552083333,41096.2552083333,40786.2552083333,40696.2552083333,40827.1917531678,40759.0463174658,0.9061198022
2026-05-05 09:54:59,MXF1!,10,2026-05-05 09:45:00,40844,40905,40802,40860,40894.8375,40974.8375,41094.8375,40784.8375,40694.8375,40828.4783510828,40761.0454002883,0.9112214072
2026-05-05 10:04:58,MXF1!,10,2026-05-05 09:55:00,40860,40879,40799,40863,40893.33125,40973.33125,41093.33125,40783.33125,40693.33125,40829.8321412364,40763.0643032529,0.9111564513
2026-05-05 10:15:02,MXF1!,10,2026-05-05 10:05:00,40864,40898,40830,40872,40891.95,40971.95,41091.95,40781.95,40691.95,40831.4857827566,40765.2214457627,0.9128141115
2026-05-05 10:24:59,MXF1!,10,2026-05-05 10:15:00,40876,40949,40852,40909,40890.9447916667,40970.9447916667,41090.9447916667,40780.9447916667,40690.9447916667,40834.5255559818,40768.0685458466,0.9220570151
2026-05-05 10:35:01,MXF1!,10,2026-05-05 10:25:00,40913,40961,40891,40903,40890.2947916667,40970.2947916667,41090.2947916667,40780.2947916667,40690.2947916667,40837.2108282963,40770.7404558299,0.9195327729
2026-05-05 10:45:01,MXF1!,10,2026-05-05 10:35:00,40905,40935,40875,40884,40889.1958333333,40969.1958333333,41089.1958333333,40779.1958333333,40689.1958333333,40839.0456977748,40772.9832190808,0.9135103035
2026-05-05 10:55:02,MXF1!,10,2026-05-05 10:45:00,40884,40891,40813,40816,40887.6989583333,40967.6989583333,41087.6989583333,40777.6989583333,40687.6989583333,40838.1419449209,40773.8350365247,0.8941571801
2026-05-05 11:05:00,MXF1!,10,2026-05-05 10:55:00,40816,40853,40796,40848,40885.1333333333,40965.1333333333,41085.1333333333,40775.1333333333,40685.1333333333,40838.5285353162,40775.3036496628,0.9021092325
2026-05-05 11:15:01,MXF1!,10,2026-05-05 11:05:00,40849,40895,40827,40891,40882.1697916667,40962.1697916667,41082.1697916667,40772.1697916667,40682.1697916667,40840.5862398136,40777.5946665012,0.9130423042
2026-05-05 11:25:01,MXF1!,10,2026-05-05 11:15:00,40891,40946,40878,40937,40880.278125,40960.278125,41080.278125,40770.278125,40680.278125,40844.3671715856,40780.7512077586,0.9247341979
2026-05-05 11:35:00,MXF1!,10,2026-05-05 11:25:00,40938,41065,40933,40999,40879.15,40959.15,41079.15,40769.15,40679.15,40850.4312040724,40785.0729660208,0.940745654
2026-05-05 11:45:01,MXF1!,10,2026-05-05 11:35:00,40998,41037,40952,40959,40877.9822916667,40957.9822916667,41077.9822916667,40767.9822916667,40677.9822916667,40854.6888039127,40788.5170657035,0.9289329814
2026-05-05 11:55:01,MXF1!,10,2026-05-05 11:45:00,40959,41008,40921,41002,40877.2739583333,40957.2739583333,41077.2739583333,40767.2739583333,40677.2739583333,40860.4657135632,40792.7444505411,0.9397677708
2026-05-05 12:04:59,MXF1!,10,2026-05-05 11:55:00,41001,41033,40972,41013,40876.709375,40956.709375,41076.709375,40766.709375,40676.709375,40866.4474502862,40797.10594657,0.9418381848
2026-05-05 12:15:01,MXF1!,10,2026-05-05 12:05:00,41013,41022,40968,40979,40875.996875,40955.996875,41075.996875,40765.996875,40675.996875,40870.8612757652,40800.7078090142,0.931666404
2026-05-05 12:25:02,MXF1!,10,2026-05-05 12:15:00,40976,41052,40965,41045,40875.1833333333,40955.1833333333,41075.1833333333,40765.1833333333,40675.1833333333,40877.690245343,40805.5452781426,0.9487987039
2026-05-05 12:35:01,MXF1!,10,2026-05-05 12:25:00,41048,41073,41030,41046,40874.6135416667,40954.6135416667,41074.6135416667,40764.6135416667,40674.6135416667,40884.2906278786,40810.3067577833,0.9482328663
2026-05-05 12:45:03,MXF1!,10,2026-05-05 12:35:00,41047,41075,41011,41024,40874.1322916667,40954.1322916667,41074.1322916667,40764.1322916667,40674.1322916667,40889.7694267853,40814.5383071342,0.9413642317
2026-05-05 12:55:01,MXF1!,10,2026-05-05 12:45:00,41024,41064,41009,41016,40873.6354166667,40953.6354166667,41073.6354166667,40763.6354166667,40673.6354166667,40894.7196453428,40818.5276475869,0.9382642782
2026-05-05 13:05:03,MXF1!,10,2026-05-05 12:55:00,41013,41044,40981,41029,40872.7708333333,40952.7708333333,41072.7708333333,40762.7708333333,40672.7708333333,40899.9855416038,40822.6954169417,0.9408998279
2026-05-05 13:15:01,MXF1!,10,2026-05-05 13:05:00,41030,41063,41001,41050,40872.4270833333,40952.4270833333,41072.4270833333,40762.4270833333,40672.4270833333,40905.8684615409,40827.1964977943,0.9457007562
2026-05-05 13:25:02,MXF1!,10,2026-05-05 13:15:00,41052,41056,41017,41050,40872.0770833333,40952.0770833333,41072.0770833333,40762.0770833333,40672.0770833333,40911.5206787354,40831.608448333,0.9447510691
2026-05-05 13:35:03,MXF1!,10,2026-05-05 13:25:00,41050,41060,40961,40985,40871.36875,40951.36875,41071.36875,40761.36875,40671.36875,40914.4022207458,40834.6459048017,0.9261131535
2026-05-05 13:46:00,MXF1!,10,2026-05-05 13:35:00,40985,41049,40963,41036,40870.590625,40950.590625,41070.590625,40760.590625,40670.590625,40919.1707611087,40838.6331146076,0.9391894534
2026-05-05 15:10:02,MXF1!,10,2026-05-05 15:00:00,41075,41180,41071,41123,40873.71875,40953.71875,41073.71875,40763.71875,40673.71875,40927.1640645946,40844.2641420411,0.9620119968
2026-05-05 15:20:01,MXF1!,10,2026-05-05 15:10:00,41123,41140,41099,41131,40878.68125,40958.68125,41078.68125,40768.68125,40678.68125,40935.157630689,40849.9420798225,0.9632226376
2026-05-05 15:30:09,MXF1!,10,2026-05-05 15:20:00,41130,41145,41085,41093,40883.3895833333,40963.3895833333,41083.3895833333,40773.3895833333,40683.3895833333,40941.3475275247,40854.7551079448,0.9518619357
2026-05-05 15:40:03,MXF1!,10,2026-05-05 15:30:00,41093,41158,41072,41148,40886.353125,40966.353125,41086.353125,40776.353125,40686.353125,40949.4515460531,40860.5619374904,0.9658750528
2026-05-05 15:50:05,MXF1!,10,2026-05-05 15:40:00,41146,41194,41087,41094,40889.021875,40969.021875,41089.021875,40779.021875,40689.021875,40955.1201128746,40865.1844733817,0.9501316913
2026-05-05 16:00:06,MXF1!,10,2026-05-05 15:50:00,41095,41097,41014,41042,40890.4802083333,40970.4802083333,41090.4802083333,40780.4802083333,40690.4802083333,40958.5271672716,40868.6857709385,0.9349502456
2026-05-05 16:10:05,MXF1!,10,2026-05-05 16:00:00,41043,41105,41027,41100,40892.1135416667,40972.1135416667,41092.1135416667,40782.1135416667,40692.1135416667,40964.0751214963,40873.2662507219,0.9498646378
2026-05-05 16:20:01,MXF1!,10,2026-05-05 16:10:00,41101,41154,41094,41141,40894.0041666667,40974.0041666667,41094.0041666667,40784.0041666667,40694.0041666667,40971.0133520258,40878.5679091235,0.9602133401
2026-05-05 16:30:03,MXF1!,10,2026-05-05 16:20:00,41141,41168,41132,41138,40896.0260416667,40976.0260416667,41096.0260416667,40786.0260416667,40696.0260416667,40977.5618480248,40883.7051782497,0.9585067242
2026-05-05 16:40:04,MXF1!,10,2026-05-05 16:30:00,41134,41158,41121,41142,40898.3385416667,40978.3385416667,41098.3385416667,40788.3385416667,40698.3385416667,40984.0104030042,40888.8199271953,0.9585809954
2026-05-05 16:50:04,MXF1!,10,2026-05-05 16:40:00,41139,41143,41115,41138,40900.815625,40980.815625,41100.815625,40790.815625,40700.815625,40990.0492107296,40893.7541860627,0.9564845351
2026-05-05 17:00:05,MXF1!,10,2026-05-05 16:50:00,41138,41158,41130,41152,40903.1020833333,40983.1020833333,41103.1020833333,40793.1020833333,40703.1020833333,40996.4002220735,40898.8679645565,0.9592906302
2026-05-05 17:10:04,MXF1!,10,2026-05-05 17:00:00,41152,41164,41104,41132,40904.9322916667,40984.9322916667,41104.9322916667,40794.9322916667,40704.9322916667,41001.7178604236,40903.4844405059,0.9528190238
2026-05-05 17:20:05,MXF1!,10,2026-05-05 17:10:00,41136,41139,41089,41100,40906.4458333333,40986.4458333333,41106.4458333333,40796.4458333333,40706.4458333333,41005.5720619756,40907.3758377236,0.9431211573
2026-05-05 17:30:05,MXF1!,10,2026-05-05 17:20:00,41101,41117,41080,41080,40907.34375,40987.34375,41107.34375,40797.34375,40707.34375,41008.4908046432,40910.7941379667,0.9367283384
2026-05-05 17:40:01,MXF1!,10,2026-05-05 17:30:00,41080,41116,41075,41105,40908.490625,40988.490625,41108.490625,40798.490625,40708.490625,41012.2754789709,40914.639798601,0.9425548637
2026-05-05 17:50:03,MXF1!,10,2026-05-05 17:40:00,41104,41134,41101,41115,40910.10625,40990.10625,41110.10625,40800.10625,40710.10625,41016.3038915603,40918.6073273416,0.9442368288
2026-05-05 18:00:06,MXF1!,10,2026-05-05 17:50:00,41115,41116,41077,41088,40911.7239583333,40991.7239583333,41111.7239583333,40801.7239583333,40711.7239583333,41019.115503656,40921.9616376913,0.9358591223
2026-05-05 18:10:00,MXF1!,10,2026-05-05 18:00:00,41088,41098,41076,41086,40913.8270833333,40993.8270833333,41113.8270833333,40803.8270833333,40713.8270833333,41021.7384250812,40925.2099220934,0.934297925
2026-05-05 18:20:01,MXF1!,10,2026-05-05 18:10:00,41085,41116,41084,41088,40915.7875,40995.7875,41115.7875,40805.7875,40715.7875,41024.3369182153,40928.4334879925,0.9337977189
2026-05-05 18:30:06,MXF1!,10,2026-05-05 18:20:00,41090,41107,41083,41099,40917.9354166667,40997.9354166667,41117.9354166667,40807.9354166667,40717.9354166667,41027.2648822069,40931.8110426858,0.9357489041
2026-05-05 18:40:02,MXF1!,10,2026-05-05 18:30:00,41099,41160,41087,41138,40919.8708333333,40999.8708333333,41119.8708333333,40809.8708333333,40719.8708333333,41031.6074358458,40935.8939923356,0.9452775001
2026-05-05 18:50:02,MXF1!,10,2026-05-05 18:40:00,41137,41139,41061,41063,40920.890625,41000.890625,41120.890625,40810.890625,40720.890625,41032.838516793,40938.4109429824,0.9238324861
2026-05-05 19:00:02,MXF1!,10,2026-05-05 18:50:00,41063,41089,41062,41069,40921.78125,41001.78125,41121.78125,40811.78125,40721.78125,41034.2566141737,40940.9968649035,0.9244377293
2026-05-05 19:10:02,MXF1!,10,2026-05-05 19:00:00,41070,41084,40982,41038,40921.8177083333,41001.8177083333,41121.8177083333,40811.8177083333,40721.8177083333,41034.4034136179,40942.9177190638,0.9149982896
2026-05-05 19:20:00,MXF1!,10,2026-05-05 19:10:00,41040,41044,40960,40977,40921.515625,41001.515625,41121.515625,40811.515625,40721.515625,41032.1522993583,40943.592615716,0.8974780697
2026-05-05 19:30:01,MXF1!,10,2026-05-05 19:20:00,40977,41039,40962,41023,40920.7854166667,41000.7854166667,41120.7854166667,40810.7854166667,40720.7854166667,41031.793385658,40945.1650391672,0.9090267121
2026-05-05 19:40:02,MXF1!,10,2026-05-05 19:30:00,41020,41060,41017,41044,40921.1625,41001.1625,41121.1625,40811.1625,40721.1625,41032.2720764165,40947.1221671045,0.9137391469
2026-05-05 19:50:04,MXF1!,10,2026-05-05 19:40:00,41042,41065,41040,41059,40921.6020833333,41001.6020833333,41121.6020833333,40811.6020833333,40721.6020833333,41033.3202302825,40949.3375697361,0.9168140865
2026-05-05 20:00:02,MXF1!,10,2026-05-05 19:50:00,41058,41091,41045,41087,40922.7708333333,41002.7708333333,41122.7708333333,40812.7708333333,40722.7708333333,41035.4253192911,40952.0635584542,0.923392895
2026-05-05 20:10:03,MXF1!,10,2026-05-05 20:00:00,41086,41125,41048,41108,40924.7260416667,41004.7260416667,41124.7260416667,40814.7260416667,40724.7260416667,41038.2713852012,40955.1514087818,0.9280559425
2026-05-05 20:20:02,MXF1!,10,2026-05-05 20:10:00,41106,41238,41106,41207,40927.9770833333,41007.9770833333,41127.9770833333,40817.9770833333,40727.9770833333,41044.8881936247,40960.138509598,0.9537211193
2026-05-05 20:30:02,MXF1!,10,2026-05-05 20:20:00,41206,41281,41204,41265,40933.3875,41013.3875,41133.3875,40823.3875,40733.3875,41053.5200291688,40966.1753707941,0.9681917734
2026-05-05 20:40:01,MXF1!,10,2026-05-05 20:30:00,41266,41283,41225,41234,40938.821875,41018.821875,41138.821875,40828.821875,40738.821875,41060.5976750838,40971.4788287982,0.9586164446
2026-05-05 20:50:02,MXF1!,10,2026-05-05 20:40:00,41235,41252,41218,41226,40944.0770833333,41024.0770833333,41144.0770833333,40834.0770833333,40744.0770833333,41067.0840407668,40976.5188519903,0.9552828783
2026-05-05 21:00:03,MXF1!,10,2026-05-05 20:50:00,41225,41250,41219,41241,40949.5239583333,41029.5239583333,41149.5239583333,40839.5239583333,40749.5239583333,41073.9042744622,40981.7561024459,0.9581577012
2026-05-05 21:10:01,MXF1!,10,2026-05-05 21:00:00,41240,41348,41236,41335,40955.8510416667,41035.8510416667,41155.8510416667,40845.8510416667,40755.8510416667,41084.1433225225,40988.7510311104,0.9822899766
2026-05-05 21:20:01,MXF1!,10,2026-05-05 21:10:00,41335,41343,41308,41316,40962.9947916667,41042.9947916667,41162.9947916667,40852.9947916667,40762.9947916667,41093.2357412471,40995.2312087122,0.9759195009
2026-05-05 21:30:06,MXF1!,10,2026-05-05 21:20:00,41317,41329,41289,41327,40969.15625,41049.15625,41169.15625,40859.15625,40769.15625,41102.4029670805,41001.8008877476,0.9776260065
2026-05-05 21:40:02,MXF1!,10,2026-05-05 21:30:00,41328,41374,41266,41353,40975.3802083333,41055.3802083333,41175.3802083333,40865.3802083333,40775.3802083333,41112.2303017048,41008.7553256139,0.983362271
2026-05-05 21:50:02,MXF1!,10,2026-05-05 21:40:00,41350,41393,41320,41358,40982.346875,41062.346875,41182.346875,40872.346875,40782.346875,41121.868329089,41015.6710617404,0.9834387227
2026-05-05 22:00:09,MXF1!,10,2026-05-05 21:50:00,41359,41477,41354,41451,40990.3052083333,41070.3052083333,41190.3052083333,40880.3052083333,40790.3052083333,41134.7754534384,41024.2914367554,1.0070510421
2026-05-05 22:10:02,MXF1!,10,2026-05-05 22:00:00,41453,41488,41416,41443,40997.6395833333,41077.6395833333,41197.6395833333,40887.6395833333,40797.6395833333,41146.8626905585,41032.5826954335,1.0034646814
2026-05-05 22:20:02,MXF1!,10,2026-05-05 22:10:00,41447,41452,41251,41310,41003.9875,41083.9875,41203.9875,40893.9875,40803.9875,41153.2602321052,41038.0761074052,0.9665382802
2026-05-05 22:30:07,MXF1!,10,2026-05-05 22:20:00,41307,41449,41289,41414,41009.8385416667,41089.8385416667,41209.8385416667,40899.8385416667,40809.8385416667,41163.4853210423,41045.5201448823,0.9931145656
2026-05-05 22:40:04,MXF1!,10,2026-05-05 22:30:00,41417,41438,41346,41358,41015.984375,41095.984375,41215.984375,40905.984375,40815.984375,41171.113347668,41051.7078647856,0.9768372928
2026-05-05 22:50:02,MXF1!,10,2026-05-05 22:40:00,41358,41379,41294,41341,41021.8125,41101.8125,41221.8125,40911.8125,40821.8125,41177.7755693281,41057.4364219186,0.9710406033
2026-05-05 23:00:08,MXF1!,10,2026-05-05 22:50:00,41336,41397,41329,41380,41027.840625,41107.840625,41227.840625,40917.840625,40827.840625,41185.7059391584,41063.8238195043,0.9802134308
2026-05-05 23:09:58,MXF1!,10,2026-05-05 23:00:00,41381,41468,41374,41416,41034.528125,41114.528125,41234.528125,40924.528125,40834.528125,41194.7370787992,41070.7976052567,0.9885102664
2026-05-05 23:20:04,MXF1!,10,2026-05-05 23:10:00,41418,41449,41407,41425,41041.4895833333,41121.4895833333,41241.4895833333,40931.4895833333,40841.4895833333,41203.7669972777,41077.8115140635,0.9895797927
2026-05-05 23:30:10,MXF1!,10,2026-05-05 23:20:00,41429,41465,41419,41447,41048.8791666667,41128.8791666667,41248.8791666667,40938.8791666667,40848.8791666667,41213.3055464041,41085.1221771514,0.9941125356
2026-05-05 23:40:02,MXF1!,10,2026-05-05 23:30:00,41448,41462,41411,41453,41056.175,41136.175,41256.175,40946.175,40856.175,41222.705328898,41092.4068865147,0.9943640674
2026-05-05 23:50:01,MXF1!,10,2026-05-05 23:40:00,41453,41505,41445,41495,41064.0135416667,41144.0135416667,41264.0135416667,40954.0135416667,40864.0135416667,41233.3835512942,41100.3790273758,1.0041551592
2026-05-06 00:00:08,MXF1!,10,2026-05-05 23:50:00,41497,41546,41497,41507,41072.3458333333,41152.3458333333,41272.3458333333,40962.3458333333,40872.3458333333,41244.1136081062,41108.4309278238,1.0059364312
2026-05-06 00:10:02,MXF1!,10,2026-05-06 00:00:00,41510,41569,41502,41523,41080.4270833333,41160.4270833333,41280.4270833333,40970.4270833333,40880.4270833333,41255.0503293569,41116.6402163817,1.0088258858
2026-05-06 00:19:59,MXF1!,10,2026-05-06 00:10:00,41520,41530,41485,41501,41087.978125,41167.978125,41287.978125,40977.978125,40887.978125,41264.6954144802,41124.2513012059,1.0016729682
2026-05-06 00:30:09,MXF1!,10,2026-05-06 00:20:00,41504,41516,41419,41479,41095.4510416667,41175.4510416667,41295.4510416667,40985.4510416667,40895.4510416667,41273.0995158731,41131.2760279147,0.9945466627
2026-05-06 00:40:01,MXF1!,10,2026-05-06 00:30:00,41478,41484,41432,41442,41102.3885416667,41182.3885416667,41302.3885416667,40992.3885416667,40902.3885416667,41279.7230642702,41137.428977857,0.9834747415
2026-05-06 00:50:02,MXF1!,10,2026-05-06 00:40:00,41440,41483,41412,41475,41109.3395833333,41189.3395833333,41309.3395833333,40999.3395833333,40909.3395833333,41287.3809833185,41144.1135525529,0.9909352541
2026-05-06 01:00:10,MXF1!,10,2026-05-06 00:50:00,41475,41495,41465,41478,41116.5322916667,41196.5322916667,41316.5322916667,41006.5322916667,40916.5322916667,41294.8562388746,41150.7251653736,0.9904464222
2026-05-06 01:10:07,MXF1!,10,2026-05-06 01:00:00,41478,41505,41468,41480,41124.2197916667,41204.2197916667,41324.2197916667,41014.2197916667,40924.2197916667,41302.1167785266,41157.2454591286,0.9896788152
2026-05-06 01:20:03,MXF1!,10,2026-05-06 01:10:00,41478,41516,41464,41513,41132.0541666667,41212.0541666667,41332.0541666667,41022.0541666667,40932.0541666667,41310.3867087804,41164.2901035023,0.9970762351
2026-05-06 01:30:02,MXF1!,10,2026-05-06 01:20:00,41515,41525,41487,41504,41140.0541666667,41220.0541666667,41340.0541666667,41030.0541666667,40940.0541666667,41317.9793868675,41171.0170321458,0.9933800029
2026-05-06 01:40:06,MXF1!,10,2026-05-06 01:30:00,41504,41525,41489,41496,41147.90625,41227.90625,41347.90625,41037.90625,40947.90625,41324.9605873825,41177.4523384399,0.9900002533
2026-05-06 01:50:02,MXF1!,10,2026-05-06 01:40:00,41495,41507,41490,41496,41155.7114583333,41235.7114583333,41355.7114583333,41045.7114583333,40955.7114583333,41331.6680153283,41183.7602129263,0.9887658966
2026-05-06 02:00:08,MXF1!,10,2026-05-06 01:50:00,41495,41508,41488,41504,41163.3739583333,41243.3739583333,41363.3739583333,41053.3739583333,40963.3739583333,41338.4261323742,41190.1015948485,0.9896218147
2026-05-06 02:10:01,MXF1!,10,2026-05-06 02:00:00,41503,41527,41498,41500,41169.9708333333,41249.9708333333,41369.9708333333,41059.9708333333,40969.9708333333,41344.7623624772,41196.2381969307,0.9873084596
2026-05-06 02:20:13,MXF1!,10,2026-05-06 02:10:00,41499,41515,41493,41505,41175.865625,41255.865625,41375.865625,41065.865625,40975.865625,41351.0461913996,41202.352292041,0.9873805773
2026-05-06 02:30:05,MXF1!,10,2026-05-06 02:20:00,41505,41534,41505,41523,41181.1864583333,41261.1864583333,41381.1864583333,41071.1864583333,40981.1864583333,41357.7894780114,41208.7017516046,0.990861176
2026-05-06 02:40:05,MXF1!,10,2026-05-06 02:30:00,41524,41543,41524,41537,41186.5145833333,41266.5145833333,41386.5145833333,41076.5145833333,40986.5145833333,41364.8173416188,41215.2027070183,0.9932625794
2026-05-06 02:50:07,MXF1!,10,2026-05-06 02:40:00,41534,41538,41505,41507,41192.9197916667,41272.9197916667,41392.9197916667,41082.9197916667,40992.9197916667,41370.3931321436,41220.9808712358,0.9841616117
2026-05-06 03:00:07,MXF1!,10,2026-05-06 02:50:00,41507,41516,41490,41505,41199.2125,41279.2125,41399.2125,41089.2125,40999.2125,41375.6718328438,41226.6050123994,0.9824254969
2026-05-06 03:10:08,MXF1!,10,2026-05-06 03:00:00,41505,41514,41485,41499,41205.88125,41285.88125,41405.88125,41095.88125,41005.88125,41380.5082315558,41231.9989725499,0.9796706153
2026-05-06 03:20:06,MXF1!,10,2026-05-06 03:10:00,41499,41509,41460,41462,41212.546875,41292.546875,41412.546875,41102.546875,41012.546875,41383.7039871811,41236.553448341,0.9688194304
2026-05-06 03:30:06,MXF1!,10,2026-05-06 03:20:00,41462,41462,41432,41437,41218.6791666667,41298.6791666667,41418.6791666667,41108.6791666667,41018.6791666667,41385.7940268995,41240.5226869877,0.9611524863
2026-05-06 03:40:02,MXF1!,10,2026-05-06 03:30:00,41436,41463,41432,41462,41224.49375,41304.49375,41424.49375,41114.49375,41024.49375,41388.7824964328,41244.9083763543,0.9665860279
2026-05-06 03:50:04,MXF1!,10,2026-05-06 03:40:00,41460,41480,41452,41465,41230.1041666667,41310.1041666667,41430.1041666667,41120.1041666667,41030.1041666667,41391.7714181414,41249.2666263275,0.9662147551
2026-05-06 04:00:03,MXF1!,10,2026-05-06 03:50:00,41466,41466,41418,41443,41235.6333333333,41315.6333333333,41435.6333333333,41125.6333333333,41035.6333333333,41393.7803821358,41253.1029307567,0.9593207855
2026-05-06 04:10:02,MXF1!,10,2026-05-06 04:00:00,41444,41476,41440,41476,41242.0239583333,41322.0239583333,41442.0239583333,41132.0239583333,41042.0239583333,41397.0046808756,41257.516734108,0.9668148031
2026-05-06 04:20:04,MXF1!,10,2026-05-06 04:10:00,41477,41509,41451,41504,41248.83125,41328.83125,41448.83125,41138.83125,41048.83125,41401.2005757432,41262.3975908584,0.972971973
2026-05-06 04:30:02,MXF1!,10,2026-05-06 04:20:00,41500,41562,41490,41550,41255.6895833333,41335.6895833333,41455.6895833333,41145.6895833333,41055.6895833333,41407.0358472827,41268.0926880691,0.9837880063
2026-05-06 04:40:03,MXF1!,10,2026-05-06 04:30:00,41550,41561,41535,41547,41262.2510416667,41342.2510416667,41462.2510416667,41152.2510416667,41062.2510416667,41412.5246375853,41273.615605137,0.9817940106
2026-05-06 04:50:02,MXF1!,10,2026-05-06 04:40:00,41546,41546,41515,41530,41267.7625,41347.7625,41467.7625,41157.7625,41067.7625,41417.1315145428,41278.6925238472,0.976163099
2026-05-06 05:01:00,MXF1!,10,2026-05-06 04:50:00,41534,41560,41527,41560,41273.5020833333,41353.5020833333,41473.5020833333,41163.5020833333,41073.5020833333,41422.734200247,41284.2629689195,0.982758581
2026-05-06 08:55:00,MXF1!,10,2026-05-06 08:45:00,41671,41705,41617,41682,41280.6489583333,41360.6489583333,41480.6489583333,41170.6489583333,41080.6489583333,41432.9014865118,41292.138949733,1.0131775333
2026-05-06 09:05:01,MXF1!,10,2026-05-06 08:55:00,41683,41820,41636,41804,41288.1208333333,41368.1208333333,41488.1208333333,41178.1208333333,41088.1208333333,41447.4543693937,41302.2748121145,1.0433766879
2026-05-06 09:15:00,MXF1!,10,2026-05-06 09:05:00,41806,41955,41746,41942,41297.1197916667,41377.1197916667,41497.1197916667,41187.1197916667,41097.1197916667,41466.848315692,41314.9426376172,1.0774276133
2026-05-06 09:25:01,MXF1!,10,2026-05-06 09:15:00,41942,42002,41842,41871,41306.71875,41386.71875,41506.71875,41196.71875,41106.71875,41482.6974013511,41325.9536744961,1.0572353723
2026-05-06 09:35:00,MXF1!,10,2026-05-06 09:25:00,41872,41909,41756,41875,41314.9572916667,41394.9572916667,41514.9572916667,41204.9572916667,41114.9572916667,41498.0818169844,41336.8258789615,1.0565304203
2026-05-06 09:45:00,MXF1!,10,2026-05-06 09:35:00,41880,41934,41707,41712,41322.746875,41402.746875,41522.746875,41212.746875,41122.746875,41506.470765338,41344.2550694771,1.012782173
2026-05-06 09:55:00,MXF1!,10,2026-05-06 09:45:00,41710,41716,41233,41305,41327.2020833333,41407.2020833333,41527.2020833333,41217.2020833333,41127.2020833333,41498.569951011,41343.4777413686,0.9063919666
2026-05-06 10:05:00,MXF1!,10,2026-05-06 09:55:00,41305,41467,41219,41220,41330.55,41410.55,41530.55,41220.55,41130.55,41487.6456392066,41341.0326375792,0.8835172436
2026-05-06 10:15:01,MXF1!,10,2026-05-06 10:05:00,41221,41422,41041,41345,41333.103125,41413.103125,41533.103125,41223.103125,41133.103125,41482.0516925711,41341.1111992113,0.9148933846
2026-05-06 10:25:00,MXF1!,10,2026-05-06 10:15:00,41344,41430,41315,41345,41336.6645833333,41416.6645833333,41536.6645833333,41226.6645833333,41136.6645833333,41476.6771163918,41341.1882051675,0.9139246503
